Instrument,Action,Quantity,Price,Time,ID,E/X,Position,Order ID,Name,Commission,Rate,Account,Connection,
MGC APR26,Sell,10,5198.0,3/10/2026 5:00:00 PM,NT-00729-1572,Exit,-,NT-00761-1572,Exit on session close,$0.00,1,Backtest,,
MGC APR26,Buy,10,5238.9,3/10/2026 12:08:00 PM,NT-00728-1572,Entry,10 L,NT-00760-1572,Long,$0.00,1,Backtest,,
MGC APR26,Sell,10,5296.9,2/27/2026 5:00:00 PM,NT-00727-1572,Exit,-,NT-00759-1572,Exit on session close,$0.00,1,Backtest,,
MGC APR26,Buy,10,5254.3,2/27/2026 12:56:00 PM,NT-00726-1572,Entry,10 L,NT-00758-1572,Long,$0.00,1,Backtest,,
MGC APR26,Sell,10,5013.2,2/19/2026 5:00:00 PM,NT-00725-1572,Exit,-,NT-00757-1572,Exit on session close,$0.00,1,Backtest,,
MGC APR26,Buy,10,5019.1,2/19/2026 12:16:00 PM,NT-00724-1572,Entry,10 L,NT-00756-1572,Long,$0.00,1,Backtest,,
MGC APR26,Buy,10,5014.6,2/16/2026 2:30:00 PM,NT-00723-1572,Exit,-,NT-00755-1572,Exit on session close,$0.00,1,Backtest,,
MGC APR26,Sell,10,5010.1,2/16/2026 1:04:00 PM,NT-00722-1572,Entry,10 S,NT-00754-1572,Short,$0.00,1,Backtest,,
MGC APR26,Buy,10,4679.0,2/2/2026 1:04:00 PM,NT-00721-1572,Exit,-,NT-00753-1572,PT,$0.00,1,Backtest,,
MGC APR26,Sell,10,4703.0,2/2/2026 12:24:00 PM,NT-00720-1572,Entry,10 S,NT-00752-1572,Short,$0.00,1,Backtest,,
MGC APR26,Sell,10,4804.9,1/20/2026 5:00:00 PM,NT-00719-1572,Exit,-,NT-00751-1572,Exit on session close,$0.00,1,Backtest,,
MGC APR26,Buy,10,4790.6,1/20/2026 12:16:00 PM,NT-00718-1572,Entry,10 L,NT-00750-1572,Long,$0.00,1,Backtest,,
MGC APR26,Sell,10,4656.7,1/15/2026 5:00:00 PM,NT-00717-1572,Exit,-,NT-00749-1572,Exit on session close,$0.00,1,Backtest,,
MGC APR26,Buy,10,4646.9,1/15/2026 12:08:00 PM,NT-00716-1572,Entry,10 L,NT-00748-1572,Long,$0.00,1,Backtest,,
MGC APR26,Buy,10,4630.7,1/13/2026 5:00:00 PM,NT-00715-1572,Exit,-,NT-00747-1572,Exit on session close,$0.00,1,Backtest,,
MGC APR26,Sell,10,4651.4,1/13/2026 12:32:00 PM,NT-00714-1572,Entry,10 S,NT-00746-1572,Short,$0.00,1,Backtest,,
MGC APR26,Sell,10,4644.4,1/12/2026 5:00:00 PM,NT-00713-1572,Exit,-,NT-00745-1572,Exit on session close,$0.00,1,Backtest,,
MGC APR26,Buy,10,4666.9,1/12/2026 1:04:00 PM,NT-00712-1572,Entry,10 L,NT-00744-1572,Long,$0.00,1,Backtest,,
MGC APR26,Sell,10,4554.3,1/9/2026 5:00:00 PM,NT-00711-1572,Exit,-,NT-00743-1572,Exit on session close,$0.00,1,Backtest,,
MGC APR26,Buy,10,4542.5,1/9/2026 1:36:00 PM,NT-00710-1572,Entry,10 L,NT-00742-1572,Long,$0.00,1,Backtest,,
MGC APR26,Sell,10,4502.7,1/7/2026 5:00:00 PM,NT-00709-1572,Exit,-,NT-00741-1572,Exit on session close,$0.00,1,Backtest,,
MGC APR26,Buy,10,4500.6,1/7/2026 1:28:00 PM,NT-00708-1572,Entry,10 L,NT-00740-1572,Long,$0.00,1,Backtest,,
MGC APR26,Sell,10,4598.3,12/26/2025 5:00:00 PM,NT-00707-1572,Exit,-,NT-00739-1572,Exit on session close,$0.00,1,Backtest,,
MGC APR26,Buy,10,4600.9,12/26/2025 2:16:00 PM,NT-00706-1572,Entry,10 L,NT-00738-1572,Long,$0.00,1,Backtest,,
MGC APR26,Sell,10,4400.0,12/18/2025 5:00:00 PM,NT-00705-1572,Exit,-,NT-00737-1572,Exit on session close,$0.00,1,Backtest,,
MGC APR26,Buy,10,4410.2,12/18/2025 1:20:00 PM,NT-00704-1572,Entry,10 L,NT-00736-1572,Long,$0.00,1,Backtest,,
MGC APR26,Buy,10,4368.7,12/16/2025 5:00:00 PM,NT-00703-1572,Exit,-,NT-00735-1572,Exit on session close,$0.00,1,Backtest,,
MGC APR26,Sell,10,4374.2,12/16/2025 12:16:00 PM,NT-00702-1572,Entry,10 S,NT-00734-1572,Short,$0.00,1,Backtest,,
MGC APR26,Sell,10,4274.2,12/4/2025 5:00:00 PM,NT-00701-1572,Exit,-,NT-00733-1572,Exit on session close,$0.00,1,Backtest,,
MGC APR26,Buy,10,4276.8,12/4/2025 12:24:00 PM,NT-00700-1572,Entry,10 L,NT-00732-1572,Long,$0.00,1,Backtest,,
MGC APR26,Sell,10,4201.3,11/25/2025 5:00:00 PM,NT-00699-1572,Exit,-,NT-00731-1572,Exit on session close,$0.00,1,Backtest,,
MGC APR26,Buy,10,4220.5,11/25/2025 12:16:00 PM,NT-00698-1572,Entry,10 L,NT-00730-1572,Long,$0.00,1,Backtest,,
MGC APR26,Buy,10,4140.5,11/18/2025 5:00:00 PM,NT-00697-1572,Exit,-,NT-00729-1572,Exit on session close,$0.00,1,Backtest,,
MGC APR26,Sell,10,4136.3,11/18/2025 12:24:00 PM,NT-00696-1572,Entry,10 S,NT-00728-1572,Short,$0.00,1,Backtest,,
MGC APR26,Sell,10,4118.4,11/17/2025 5:00:00 PM,NT-00695-1572,Exit,-,NT-00727-1572,Exit on session close,$0.00,1,Backtest,,
MGC APR26,Buy,10,4148.6,11/17/2025 12:16:00 PM,NT-00694-1572,Entry,10 L,NT-00726-1572,Long,$0.00,1,Backtest,,
MGC APR26,Sell,10,4080.6,11/7/2025 5:00:00 PM,NT-00693-1572,Exit,-,NT-00725-1572,Exit on session close,$0.00,1,Backtest,,
MGC APR26,Buy,10,4088.1,11/7/2025 1:04:00 PM,NT-00692-1572,Entry,10 L,NT-00724-1572,Long,$0.00,1,Backtest,,
MGC APR26,Sell,10,4063.3,11/5/2025 5:00:00 PM,NT-00691-1572,Exit,-,NT-00723-1572,Exit on session close,$0.00,1,Backtest,,
MGC APR26,Buy,10,4067.1,11/5/2025 12:16:00 PM,NT-00690-1572,Entry,10 L,NT-00722-1572,Long,$0.00,1,Backtest,,
MGC APR26,Buy,10,4014.1,11/4/2025 5:00:00 PM,NT-00689-1572,Exit,-,NT-00721-1572,Exit on session close,$0.00,1,Backtest,,
MGC APR26,Sell,10,4046.0,11/4/2025 12:24:00 PM,NT-00688-1572,Entry,10 S,NT-00720-1572,Short,$0.00,1,Backtest,,
MGC APR26,Buy,10,4297.9,10/15/2025 5:00:00 PM,NT-00687-1572,Exit,-,NT-00719-1572,Exit on session close,$0.00,1,Backtest,,
MGC APR26,Sell,10,4271.4,10/15/2025 1:20:00 PM,NT-00686-1572,Entry,10 S,NT-00718-1572,Short,$0.00,1,Backtest,,
MGC APR26,Sell,10,4109.1,10/10/2025 5:00:00 PM,NT-00685-1572,Exit,-,NT-00717-1572,Exit on session close,$0.00,1,Backtest,,
MGC APR26,Buy,10,4085.1,10/10/2025 2:16:00 PM,NT-00684-1572,Entry,10 L,NT-00716-1572,Long,$0.00,1,Backtest,,
MGC APR26,Buy,10,4080.5,10/7/2025 5:00:00 PM,NT-00683-1572,Exit,-,NT-00715-1572,Exit on session close,$0.00,1,Backtest,,
MGC APR26,Sell,10,4072.9,10/7/2025 12:48:00 PM,NT-00682-1572,Entry,10 S,NT-00714-1572,Short,$0.00,1,Backtest,,
MGC APR26,Sell,10,3984.6,10/3/2025 5:00:00 PM,NT-00681-1572,Exit,-,NT-00713-1572,Exit on session close,$0.00,1,Backtest,,
MGC APR26,Buy,10,3982.5,10/3/2025 12:24:00 PM,NT-00680-1572,Entry,10 L,NT-00712-1572,Long,$0.00,1,Backtest,,
MGC APR26,Buy,10,3965.5,10/1/2025 5:00:00 PM,NT-00679-1572,Exit,-,NT-00711-1572,Exit on session close,$0.00,1,Backtest,,
MGC APR26,Sell,10,3963.3,10/1/2025 1:44:00 PM,NT-00678-1572,Entry,10 S,NT-00710-1572,Short,$0.00,1,Backtest,,
MGC APR26,Buy,10,3853.5,9/25/2025 5:00:00 PM,NT-00677-1572,Exit,-,NT-00709-1572,Exit on session close,$0.00,1,Backtest,,
MGC APR26,Sell,10,3836.3,9/25/2025 12:56:00 PM,NT-00676-1572,Entry,10 S,NT-00708-1572,Short,$0.00,1,Backtest,,
MGC APR26,Buy,10,3800.4,9/16/2025 5:00:00 PM,NT-00675-1572,Exit,-,NT-00707-1572,Exit on session close,$0.00,1,Backtest,,
MGC APR26,Sell,10,3794.7,9/16/2025 12:08:00 PM,NT-00674-1572,Entry,10 S,NT-00706-1572,Short,$0.00,1,Backtest,,
MGC APR26,Buy,10,3753.6,9/12/2025 5:00:00 PM,NT-00673-1572,Exit,-,NT-00705-1572,Exit on session close,$0.00,1,Backtest,,
MGC APR26,Sell,10,3753.9,9/12/2025 4:16:00 PM,NT-00672-1572,Entry,10 S,NT-00704-1572,Short,$0.00,1,Backtest,,
MGC APR26,Buy,10,3753.5,9/10/2025 5:00:00 PM,NT-00671-1572,Exit,-,NT-00703-1572,Exit on session close,$0.00,1,Backtest,,
MGC APR26,Sell,10,3753.7,9/10/2025 12:32:00 PM,NT-00670-1572,Entry,10 S,NT-00702-1572,Short,$0.00,1,Backtest,,
MGC APR26,Buy,10,3736.7,9/9/2025 5:00:00 PM,NT-00669-1572,Exit,-,NT-00701-1572,Exit on session close,$0.00,1,Backtest,,
MGC APR26,Sell,10,3757.5,9/9/2025 12:24:00 PM,NT-00668-1572,Entry,10 S,NT-00700-1572,Short,$0.00,1,Backtest,,
MGC APR26,Sell,10,3465.0,8/20/2025 5:00:00 PM,NT-00667-1572,Exit,-,NT-00697-1572,Exit on session close,$0.00,1,Backtest,,
MGC APR26,Buy,10,3461.7,8/20/2025 12:40:00 PM,NT-00666-1572,Entry,10 L,NT-00696-1572,Long,$0.00,1,Backtest,,
MGC APR26,Buy,10,3454.4,8/15/2025 5:00:00 PM,NT-00665-1572,Exit,-,NT-00695-1572,Exit on session close,$0.00,1,Backtest,,
MGC APR26,Sell,10,3455.6,8/15/2025 1:12:00 PM,NT-00664-1572,Entry,10 S,NT-00694-1572,Short,$0.00,1,Backtest,,
MGC APR26,Sell,10,3479.9,8/13/2025 5:00:00 PM,NT-00663-1572,Exit,-,NT-00693-1572,Exit on session close,$0.00,1,Backtest,,
MGC APR26,Buy,10,3482.1,8/13/2025 12:16:00 PM,NT-00662-1572,Entry,10 L,NT-00692-1572,Long,$0.00,1,Backtest,,
MGC APR26,Buy,10,3466.7,8/11/2025 5:00:00 PM,NT-00661-1572,Exit,-,NT-00690-1572,Exit on session close,$0.00,1,Backtest,,
MGC APR26,Sell,10,3474.6,8/11/2025 1:20:00 PM,NT-00660-1572,Entry,10 S,NT-00689-1572,Short,$0.00,1,Backtest,,
MGC APR26,Sell,10,3531.1,8/8/2025 5:00:00 PM,NT-00659-1572,Exit,-,NT-00688-1572,Exit on session close,$0.00,1,Backtest,,
MGC APR26,Buy,10,3562.9,8/8/2025 12:32:00 PM,NT-00658-1572,Entry,10 L,NT-00687-1572,Long,$0.00,1,Backtest,,
MGC APR26,Buy,10,3555.6,8/7/2025 5:00:00 PM,NT-00657-1572,Exit,-,NT-00686-1572,Exit on session close,$0.00,1,Backtest,,
MGC APR26,Sell,10,3526.1,8/7/2025 12:24:00 PM,NT-00656-1572,Entry,10 S,NT-00685-1572,Short,$0.00,1,Backtest,,
MGC APR26,Sell,10,3501.6,8/4/2025 5:00:00 PM,NT-00655-1572,Exit,-,NT-00684-1572,Exit on session close,$0.00,1,Backtest,,
MGC APR26,Buy,10,3504.1,8/4/2025 2:24:00 PM,NT-00654-1572,Entry,10 L,NT-00683-1572,Long,$0.00,1,Backtest,,
MGC APR26,Buy,10,3455.8,7/29/2025 5:00:00 PM,NT-00653-1572,Exit,-,NT-00682-1572,Exit on session close,$0.00,1,Backtest,,
MGC APR26,Sell,10,3447.1,7/29/2025 12:16:00 PM,NT-00652-1572,Entry,10 S,NT-00681-1572,Short,$0.00,1,Backtest,,
MGC APR26,Buy,10,3481.8,7/14/2025 5:00:00 PM,NT-00651-1572,Exit,-,NT-00680-1572,Exit on session close,$0.00,1,Backtest,,
MGC APR26,Sell,10,3484.7,7/14/2025 12:32:00 PM,NT-00650-1572,Entry,10 S,NT-00679-1572,Short,$0.00,1,Backtest,,
MGC APR26,Sell,10,3465.7,7/3/2025 5:00:00 PM,NT-00649-1572,Exit,-,NT-00678-1572,Exit on session close,$0.00,1,Backtest,,
MGC APR26,Buy,10,3474.1,7/3/2025 1:04:00 PM,NT-00648-1572,Entry,10 L,NT-00677-1572,Long,$0.00,1,Backtest,,
MGC APR26,Sell,10,3468.1,6/24/2025 5:00:00 PM,NT-00647-1572,Exit,-,NT-00675-1572,Exit on session close,$0.00,1,Backtest,,
MGC APR26,Buy,10,3461.7,6/24/2025 12:56:00 PM,NT-00646-1572,Entry,10 L,NT-00674-1572,Long,$0.00,1,Backtest,,
MGC APR26,Sell,10,3517.1,6/19/2025 2:30:00 PM,NT-00645-1572,Exit,-,NT-00673-1572,Exit on session close,$0.00,1,Backtest,,
MGC APR26,Buy,10,3516.4,6/19/2025 12:24:00 PM,NT-00644-1572,Entry,10 L,NT-00672-1572,Long,$0.00,1,Backtest,,
MGC APR26,Sell,10,3516.1,6/18/2025 5:00:00 PM,NT-00643-1572,Exit,-,NT-00671-1572,Exit on session close,$0.00,1,Backtest,,
MGC APR26,Buy,10,3542.6,6/18/2025 2:16:00 PM,NT-00642-1572,Entry,10 L,NT-00670-1572,Long,$0.00,1,Backtest,,
MGC APR26,Buy,10,3505.6,6/11/2025 5:00:00 PM,NT-00641-1572,Exit,-,NT-00669-1572,Exit on session close,$0.00,1,Backtest,,
MGC APR26,Sell,10,3481.6,6/11/2025 12:16:00 PM,NT-00640-1572,Entry,10 S,NT-00668-1572,Short,$0.00,1,Backtest,,
MGC APR26,Buy,10,3442.8,5/30/2025 5:00:00 PM,NT-00639-1572,Exit,-,NT-00667-1572,Exit on session close,$0.00,1,Backtest,,
MGC APR26,Sell,10,3447.6,5/30/2025 1:04:00 PM,NT-00638-1572,Entry,10 S,NT-00666-1572,Short,$0.00,1,Backtest,,
MGC APR26,Sell,10,3500.7,5/26/2025 2:30:00 PM,NT-00637-1572,Exit,-,NT-00665-1572,Exit on session close,$0.00,1,Backtest,,
MGC APR26,Buy,10,3497.4,5/26/2025 12:08:00 PM,NT-00636-1572,Entry,10 L,NT-00664-1572,Long,$0.00,1,Backtest,,
MGC APR26,Buy,10,3453.2,5/22/2025 5:00:00 PM,NT-00635-1572,Exit,-,NT-00663-1572,Exit on session close,$0.00,1,Backtest,,
MGC APR26,Sell,10,3459.7,5/22/2025 12:48:00 PM,NT-00634-1572,Entry,10 S,NT-00662-1572,Short,$0.00,1,Backtest,,
MGC APR26,Sell,10,3475.0,5/21/2025 5:00:00 PM,NT-00633-1572,Exit,-,NT-00661-1572,Exit on session close,$0.00,1,Backtest,,
MGC APR26,Buy,10,3468.3,5/21/2025 12:40:00 PM,NT-00632-1572,Entry,10 L,NT-00660-1572,Long,$0.00,1,Backtest,,
MGC APR26,Sell,10,3364.0,5/16/2025 5:00:00 PM,NT-00631-1572,Exit,-,NT-00659-1572,Exit on session close,$0.00,1,Backtest,,
MGC APR26,Buy,10,3347.2,5/16/2025 12:16:00 PM,NT-00630-1572,Entry,10 L,NT-00658-1572,Long,$0.00,1,Backtest,,
MGC APR26,Buy,10,3339.4,5/14/2025 5:00:00 PM,NT-00629-1572,Exit,-,NT-00657-1572,Exit on session close,$0.00,1,Backtest,,
MGC APR26,Sell,10,3336.4,5/14/2025 2:56:00 PM,NT-00628-1572,Entry,10 S,NT-00656-1572,Short,$0.00,1,Backtest,,
MGC APR26,Buy,10,3530.8,5/7/2025 5:00:00 PM,NT-00627-1572,Exit,-,NT-00655-1572,Exit on session close,$0.00,1,Backtest,,
MGC APR26,Sell,10,3546.5,5/7/2025 2:32:00 PM,NT-00626-1572,Entry,10 S,NT-00654-1572,Short,$0.00,1,Backtest,,
MGC APR26,Sell,10,3599.9,5/6/2025 5:00:00 PM,NT-00625-1572,Exit,-,NT-00653-1572,Exit on session close,$0.00,1,Backtest,,
MGC APR26,Buy,10,3564.5,5/6/2025 12:24:00 PM,NT-00624-1572,Entry,10 L,NT-00652-1572,Long,$0.00,1,Backtest,,
MGC APR26,Sell,10,3457.9,4/30/2025 5:00:00 PM,NT-00623-1572,Exit,-,NT-00651-1572,Exit on session close,$0.00,1,Backtest,,
MGC APR26,Buy,10,3478.4,4/30/2025 12:24:00 PM,NT-00622-1572,Entry,10 L,NT-00650-1572,Long,$0.00,1,Backtest,,
MGC APR26,Buy,10,3593.4,4/21/2025 5:00:00 PM,NT-00621-1572,Exit,-,NT-00648-1572,Exit on session close,$0.00,1,Backtest,,
MGC APR26,Sell,10,3581.0,4/21/2025 12:48:00 PM,NT-00620-1572,Entry,10 S,NT-00647-1572,Short,$0.00,1,Backtest,,
MGC APR26,Sell,10,3413.2,4/11/2025 5:00:00 PM,NT-00619-1572,Exit,-,NT-00646-1572,Exit on session close,$0.00,1,Backtest,,
MGC APR26,Buy,10,3413.3,4/11/2025 2:40:00 PM,NT-00618-1572,Entry,10 L,NT-00645-1572,Long,$0.00,1,Backtest,,
MGC APR26,Buy,10,3315.9,3/31/2025 5:00:00 PM,NT-00617-1572,Exit,-,NT-00644-1572,Exit on session close,$0.00,1,Backtest,,
MGC APR26,Sell,10,3305.3,3/31/2025 12:16:00 PM,NT-00616-1572,Entry,10 S,NT-00643-1572,Short,$0.00,1,Backtest,,
MGC APR26,Sell,10,3214.1,3/25/2025 5:00:00 PM,NT-00615-1572,Exit,-,NT-00642-1572,Exit on session close,$0.00,1,Backtest,,
MGC APR26,Buy,10,3218.3,3/25/2025 12:48:00 PM,NT-00614-1572,Entry,10 L,NT-00641-1572,Long,$0.00,1,Backtest,,
MGC APR26,Sell,10,3240.7,3/20/2025 5:00:00 PM,NT-00613-1572,Exit,-,NT-00640-1572,Exit on session close,$0.00,1,Backtest,,
MGC APR26,Buy,10,3237.9,3/20/2025 2:08:00 PM,NT-00612-1572,Entry,10 L,NT-00639-1572,Long,$0.00,1,Backtest,,
MGC APR26,Buy,10,3245.2,3/19/2025 5:00:00 PM,NT-00611-1572,Exit,-,NT-00638-1572,Exit on session close,$0.00,1,Backtest,,
MGC APR26,Sell,10,3228.5,3/19/2025 12:56:00 PM,NT-00610-1572,Entry,10 S,NT-00637-1572,Short,$0.00,1,Backtest,,
MGC APR26,Buy,10,3116.5,3/4/2025 5:00:00 PM,NT-00609-1572,Exit,-,NT-00636-1572,Exit on session close,$0.00,1,Backtest,,
MGC APR26,Sell,10,3113.0,3/4/2025 12:16:00 PM,NT-00608-1572,Entry,10 S,NT-00635-1572,Short,$0.00,1,Backtest,,
MGC APR26,Sell,10,3137.9,2/21/2025 5:00:00 PM,NT-00607-1572,Exit,-,NT-00633-1572,Exit on session close,$0.00,1,Backtest,,
MGC APR26,Buy,10,3139.1,2/21/2025 12:08:00 PM,NT-00606-1572,Entry,10 L,NT-00632-1572,Long,$0.00,1,Backtest,,
MGC APR26,Buy,10,3137.6,2/19/2025 5:00:00 PM,NT-00605-1572,Exit,-,NT-00631-1572,Exit on session close,$0.00,1,Backtest,,
MGC APR26,Sell,10,3133.8,2/19/2025 12:24:00 PM,NT-00604-1572,Entry,10 S,NT-00630-1572,Short,$0.00,1,Backtest,,
MGC APR26,Sell,10,3114.7,2/11/2025 5:00:00 PM,NT-00603-1572,Exit,-,NT-00629-1572,Exit on session close,$0.00,1,Backtest,,
MGC APR26,Buy,10,3116.9,2/11/2025 12:16:00 PM,NT-00602-1572,Entry,10 L,NT-00628-1572,Long,$0.00,1,Backtest,,
MGC APR26,Sell,10,3125.0,2/10/2025 5:00:00 PM,NT-00601-1572,Exit,-,NT-00627-1572,Exit on session close,$0.00,1,Backtest,,
MGC APR26,Buy,10,3118.6,2/10/2025 12:56:00 PM,NT-00600-1572,Entry,10 L,NT-00626-1572,Long,$0.00,1,Backtest,,
MGC APR26,Sell,10,3038.4,2/3/2025 5:00:00 PM,NT-00599-1572,Exit,-,NT-00624-1572,Exit on session close,$0.00,1,Backtest,,
MGC APR26,Buy,10,3043.4,2/3/2025 12:08:00 PM,NT-00598-1572,Entry,10 L,NT-00623-1572,Long,$0.00,1,Backtest,,
MGC APR26,Buy,10,2992.3,1/24/2025 5:00:00 PM,NT-00597-1572,Exit,-,NT-00622-1572,Exit on session close,$0.00,1,Backtest,,
MGC APR26,Sell,10,2996.6,1/24/2025 12:32:00 PM,NT-00596-1572,Entry,10 S,NT-00621-1572,Short,$0.00,1,Backtest,,
MGC APR26,Sell,10,2981.6,1/22/2025 5:00:00 PM,NT-00595-1572,Exit,-,NT-00620-1572,Exit on session close,$0.00,1,Backtest,,
MGC APR26,Buy,10,2984.1,1/22/2025 12:16:00 PM,NT-00594-1572,Entry,10 L,NT-00619-1572,Long,$0.00,1,Backtest,,
MGC APR26,Buy,10,2946.0,1/20/2025 2:30:00 PM,NT-00593-1572,Exit,-,NT-00618-1572,Exit on session close,$0.00,1,Backtest,,
MGC APR26,Sell,10,2940.1,1/20/2025 12:16:00 PM,NT-00592-1572,Entry,10 S,NT-00617-1572,Short,$0.00,1,Backtest,,
MGC APR26,Sell,10,2932.8,1/10/2025 5:00:00 PM,NT-00591-1572,Exit,-,NT-00616-1572,Exit on session close,$0.00,1,Backtest,,
MGC APR26,Buy,10,2942.7,1/10/2025 12:08:00 PM,NT-00590-1572,Entry,10 L,NT-00615-1572,Long,$0.00,1,Backtest,,
MGC APR26,Sell,10,2894.9,1/8/2025 5:00:00 PM,NT-00589-1572,Exit,-,NT-00614-1572,Exit on session close,$0.00,1,Backtest,,
MGC APR26,Buy,10,2895.5,1/8/2025 3:52:00 PM,NT-00588-1572,Entry,10 L,NT-00613-1572,Long,$0.00,1,Backtest,,
MGC APR26,Sell,10,2848.7,12/24/2024 1:45:00 PM,NT-00587-1572,Exit,-,NT-00612-1572,Exit on session close,$0.00,1,Backtest,,
MGC APR26,Buy,10,2847.9,12/24/2024 12:24:00 PM,NT-00586-1572,Entry,10 L,NT-00611-1572,Long,$0.00,1,Backtest,,
MGC APR26,Buy,10,2814.8,12/18/2024 5:00:00 PM,NT-00585-1572,Exit,-,NT-00610-1572,Exit on session close,$0.00,1,Backtest,,
MGC APR26,Sell,10,2869.4,12/18/2024 12:32:00 PM,NT-00584-1572,Entry,10 S,NT-00609-1572,Short,$0.00,1,Backtest,,
MGC APR26,Sell,10,2878.7,12/17/2024 5:00:00 PM,NT-00583-1572,Exit,-,NT-00608-1572,Exit on session close,$0.00,1,Backtest,,
MGC APR26,Buy,10,2870.3,12/17/2024 12:08:00 PM,NT-00582-1572,Entry,10 L,NT-00607-1572,Long,$0.00,1,Backtest,,
MGC APR26,Sell,10,2870.1,12/6/2024 5:00:00 PM,NT-00581-1572,Exit,-,NT-00605-1572,Exit on session close,$0.00,1,Backtest,,
MGC APR26,Buy,10,2876.3,12/6/2024 12:16:00 PM,NT-00580-1572,Entry,10 L,NT-00604-1572,Long,$0.00,1,Backtest,,
MGC APR26,Buy,10,2873.7,11/26/2024 5:00:00 PM,NT-00579-1572,Exit,-,NT-00603-1572,Exit on session close,$0.00,1,Backtest,,
MGC APR26,Sell,10,2866.5,11/26/2024 12:24:00 PM,NT-00578-1572,Entry,10 S,NT-00602-1572,Short,$0.00,1,Backtest,,
MGC APR26,Buy,10,2912.4,11/21/2024 5:00:00 PM,NT-00577-1572,Exit,-,NT-00601-1572,Exit on session close,$0.00,1,Backtest,,
MGC APR26,Sell,10,2907.3,11/21/2024 12:08:00 PM,NT-00576-1572,Entry,10 S,NT-00600-1572,Short,$0.00,1,Backtest,,
MGC APR26,Buy,10,2807.7,11/15/2024 5:00:00 PM,NT-00575-1572,Exit,-,NT-00598-1572,Exit on session close,$0.00,1,Backtest,,
MGC APR26,Sell,10,2808.6,11/15/2024 12:32:00 PM,NT-00574-1572,Entry,10 S,NT-00597-1572,Short,$0.00,1,Backtest,,
MGC APR26,Sell,10,3003.1,10/22/2024 5:00:00 PM,NT-00573-1572,Exit,-,NT-00596-1572,Exit on session close,$0.00,1,Backtest,,
MGC APR26,Buy,10,2995.1,10/22/2024 12:32:00 PM,NT-00572-1572,Entry,10 L,NT-00595-1572,Long,$0.00,1,Backtest,,
MGC APR26,Sell,10,2948.5,10/17/2024 5:00:00 PM,NT-00571-1572,Exit,-,NT-00594-1572,Exit on session close,$0.00,1,Backtest,,
MGC APR26,Buy,10,2942.1,10/17/2024 12:40:00 PM,NT-00570-1572,Entry,10 L,NT-00593-1572,Long,$0.00,1,Backtest,,
MGC APR26,Buy,10,2906.0,10/14/2024 5:00:00 PM,NT-00569-1572,Exit,-,NT-00592-1572,Exit on session close,$0.00,1,Backtest,,
MGC APR26,Sell,10,2904.5,10/14/2024 12:24:00 PM,NT-00568-1572,Entry,10 S,NT-00591-1572,Short,$0.00,1,Backtest,,
MGC APR26,Sell,10,2887.6,10/10/2024 5:00:00 PM,NT-00567-1572,Exit,-,NT-00590-1572,Exit on session close,$0.00,1,Backtest,,
MGC APR26,Buy,10,2885.4,10/10/2024 12:24:00 PM,NT-00566-1572,Entry,10 L,NT-00589-1572,Long,$0.00,1,Backtest,,
MGC APR26,Sell,10,2916.5,10/3/2024 5:00:00 PM,NT-00565-1572,Exit,-,NT-00588-1572,Exit on session close,$0.00,1,Backtest,,
MGC APR26,Buy,10,2909.9,10/3/2024 12:08:00 PM,NT-00564-1572,Entry,10 L,NT-00587-1572,Long,$0.00,1,Backtest,,
MGC APR26,Buy,10,2920.3,10/2/2024 5:00:00 PM,NT-00563-1572,Exit,-,NT-00586-1572,Exit on session close,$0.00,1,Backtest,,
MGC APR26,Sell,10,2910.3,10/2/2024 12:32:00 PM,NT-00562-1572,Entry,10 S,NT-00585-1572,Short,$0.00,1,Backtest,,
MGC APR26,Buy,10,2896.9,9/30/2024 5:00:00 PM,NT-00561-1572,Exit,-,NT-00584-1572,Exit on session close,$0.00,1,Backtest,,
MGC APR26,Sell,10,2897.9,9/30/2024 12:24:00 PM,NT-00560-1572,Entry,10 S,NT-00583-1572,Short,$0.00,1,Backtest,,
MGC APR26,Buy,10,2921.6,9/25/2024 5:00:00 PM,NT-00559-1572,Exit,-,NT-00582-1572,Exit on session close,$0.00,1,Backtest,,
MGC APR26,Sell,10,2922.4,9/25/2024 12:08:00 PM,NT-00558-1572,Entry,10 S,NT-00581-1572,Short,$0.00,1,Backtest,,
MGC APR26,Sell,10,2893.7,9/23/2024 5:00:00 PM,NT-00557-1572,Exit,-,NT-00580-1572,Exit on session close,$0.00,1,Backtest,,
MGC APR26,Buy,10,2895.7,9/23/2024 12:16:00 PM,NT-00556-1572,Entry,10 L,NT-00579-1572,Long,$0.00,1,Backtest,,
MGC APR26,Buy,10,2785.9,9/10/2024 5:00:00 PM,NT-00555-1572,Exit,-,NT-00578-1572,Exit on session close,$0.00,1,Backtest,,
MGC APR26,Sell,10,2780.3,9/10/2024 12:16:00 PM,NT-00554-1572,Entry,10 S,NT-00577-1572,Short,$0.00,1,Backtest,,
MGC APR26,Buy,10,2775.4,9/9/2024 5:00:00 PM,NT-00553-1572,Exit,-,NT-00576-1572,Exit on session close,$0.00,1,Backtest,,
MGC APR26,Sell,10,2768.7,9/9/2024 2:00:00 PM,NT-00552-1572,Entry,10 S,NT-00575-1572,Short,$0.00,1,Backtest,,
MGC APR26,Buy,10,2772.0,9/2/2024 2:30:00 PM,NT-00551-1572,Exit,-,NT-00574-1572,Exit on session close,$0.00,1,Backtest,,
MGC APR26,Sell,10,2771.3,9/2/2024 2:00:00 PM,NT-00550-1572,Entry,10 S,NT-00573-1572,Short,$0.00,1,Backtest,,
MGC APR26,Sell,10,2779.2,8/28/2024 5:00:00 PM,NT-00549-1572,Exit,-,NT-00572-1572,Exit on session close,$0.00,1,Backtest,,
MGC APR26,Buy,10,2781.8,8/28/2024 2:48:00 PM,NT-00548-1572,Entry,10 L,NT-00571-1572,Long,$0.00,1,Backtest,,
MGC APR26,Sell,10,2800.0,8/27/2024 5:00:00 PM,NT-00547-1572,Exit,-,NT-00570-1572,Exit on session close,$0.00,1,Backtest,,
MGC APR26,Buy,10,2787.6,8/27/2024 12:16:00 PM,NT-00546-1572,Entry,10 L,NT-00569-1572,Long,$0.00,1,Backtest,,
MGC APR26,Sell,10,2710.8,8/9/2024 5:00:00 PM,NT-00545-1572,Exit,-,NT-00568-1572,Exit on session close,$0.00,1,Backtest,,
MGC APR26,Buy,10,2711.6,8/9/2024 12:08:00 PM,NT-00544-1572,Entry,10 L,NT-00567-1572,Long,$0.00,1,Backtest,,
MGC APR26,Buy,10,2697.0,7/23/2024 5:00:00 PM,NT-00543-1572,Exit,-,NT-00564-1572,Exit on session close,$0.00,1,Backtest,,
MGC APR26,Sell,10,2690.6,7/23/2024 1:44:00 PM,NT-00542-1572,Entry,10 S,NT-00563-1572,Short,$0.00,1,Backtest,,
MGC APR26,Buy,10,2734.6,7/18/2024 5:00:00 PM,NT-00541-1572,Exit,-,NT-00561-1572,Exit on session close,$0.00,1,Backtest,,
MGC APR26,Sell,10,2749.6,7/18/2024 12:32:00 PM,NT-00540-1572,Entry,10 S,NT-00560-1572,Short,$0.00,1,Backtest,,
MGC APR26,Sell,10,2707.4,7/11/2024 5:00:00 PM,NT-00539-1572,Exit,-,NT-00559-1572,Exit on session close,$0.00,1,Backtest,,
MGC APR26,Buy,10,2705.3,7/11/2024 12:40:00 PM,NT-00538-1572,Entry,10 L,NT-00558-1572,Long,$0.00,1,Backtest,,
MGC APR26,Sell,10,2664.2,7/10/2024 5:00:00 PM,NT-00537-1572,Exit,-,NT-00557-1572,Exit on session close,$0.00,1,Backtest,,
MGC APR26,Buy,10,2673.9,7/10/2024 12:16:00 PM,NT-00536-1572,Entry,10 L,NT-00556-1572,Long,$0.00,1,Backtest,,
MGC APR26,Buy,10,2657.6,7/9/2024 5:00:00 PM,NT-00535-1572,Exit,-,NT-00555-1572,Exit on session close,$0.00,1,Backtest,,
MGC APR26,Sell,10,2651.8,7/9/2024 12:40:00 PM,NT-00534-1572,Entry,10 S,NT-00554-1572,Short,$0.00,1,Backtest,,
MGC APR26,Buy,10,2652.2,7/4/2024 1:30:00 PM,NT-00533-1572,Exit,-,NT-00553-1572,Exit on session close,$0.00,1,Backtest,,
MGC APR26,Sell,10,2651.8,7/4/2024 12:24:00 PM,NT-00532-1572,Entry,10 S,NT-00552-1572,Short,$0.00,1,Backtest,,
MGC APR26,Sell,10,2628.3,7/1/2024 5:00:00 PM,NT-00531-1572,Exit,-,NT-00551-1572,Exit on session close,$0.00,1,Backtest,,
MGC APR26,Buy,10,2626.1,7/1/2024 12:48:00 PM,NT-00530-1572,Entry,10 L,NT-00550-1572,Long,$0.00,1,Backtest,,
MGC APR26,Buy,10,2596.1,6/26/2024 5:00:00 PM,NT-00529-1572,Exit,-,NT-00549-1572,Exit on session close,$0.00,1,Backtest,,
MGC APR26,Sell,10,2595.9,6/26/2024 3:12:00 PM,NT-00528-1572,Entry,10 S,NT-00548-1572,Short,$0.00,1,Backtest,,
MGC APR26,Buy,10,2627.3,6/12/2024 5:00:00 PM,NT-00527-1572,Exit,-,NT-00546-1572,Exit on session close,$0.00,1,Backtest,,
MGC APR26,Sell,10,2638.5,6/12/2024 12:08:00 PM,NT-00526-1572,Entry,10 S,NT-00545-1572,Short,$0.00,1,Backtest,,
MGC APR26,Buy,10,2620.1,6/11/2024 5:00:00 PM,NT-00525-1572,Exit,-,NT-00544-1572,Exit on session close,$0.00,1,Backtest,,
MGC APR26,Sell,10,2614.1,6/11/2024 12:16:00 PM,NT-00524-1572,Entry,10 S,NT-00543-1572,Short,$0.00,1,Backtest,,
MGC APR26,Buy,10,2734.2,5/21/2024 5:00:00 PM,NT-00523-1572,Exit,-,NT-00542-1572,Exit on session close,$0.00,1,Backtest,,
MGC APR26,Sell,10,2733.1,5/21/2024 12:08:00 PM,NT-00522-1572,Entry,10 S,NT-00541-1572,Short,$0.00,1,Backtest,,
MGC APR26,Sell,10,2690.0,5/16/2024 5:00:00 PM,NT-00521-1572,Exit,-,NT-00540-1572,Exit on session close,$0.00,1,Backtest,,
MGC APR26,Buy,10,2696.4,5/16/2024 12:56:00 PM,NT-00520-1572,Entry,10 L,NT-00539-1572,Long,$0.00,1,Backtest,,
MGC APR26,Sell,10,2625.0,5/8/2024 5:00:00 PM,NT-00519-1572,Exit,-,NT-00538-1572,Exit on session close,$0.00,1,Backtest,,
MGC APR26,Buy,10,2633.3,5/8/2024 12:48:00 PM,NT-00518-1572,Entry,10 L,NT-00537-1572,Long,$0.00,1,Backtest,,
MGC APR26,Buy,10,2631.2,5/7/2024 5:00:00 PM,NT-00517-1572,Exit,-,NT-00536-1572,Exit on session close,$0.00,1,Backtest,,
MGC APR26,Sell,10,2631.8,5/7/2024 12:08:00 PM,NT-00516-1572,Entry,10 S,NT-00535-1572,Short,$0.00,1,Backtest,,
MGC APR26,Sell,10,2641.9,5/6/2024 5:00:00 PM,NT-00515-1572,Exit,-,NT-00534-1572,Exit on session close,$0.00,1,Backtest,,
MGC APR26,Buy,10,2644.7,5/6/2024 12:24:00 PM,NT-00514-1572,Entry,10 L,NT-00533-1572,Long,$0.00,1,Backtest,,
MGC APR26,Buy,10,2619.3,5/3/2024 5:00:00 PM,NT-00513-1572,Exit,-,NT-00532-1572,Exit on session close,$0.00,1,Backtest,,
MGC APR26,Sell,10,2617.5,5/3/2024 1:04:00 PM,NT-00512-1572,Entry,10 S,NT-00531-1572,Short,$0.00,1,Backtest,,
MGC APR26,Sell,10,2637.9,4/24/2024 5:00:00 PM,NT-00511-1572,Exit,-,NT-00530-1572,Exit on session close,$0.00,1,Backtest,,
MGC APR26,Buy,10,2648.2,4/24/2024 12:40:00 PM,NT-00510-1572,Entry,10 L,NT-00529-1572,Long,$0.00,1,Backtest,,
MGC APR26,Buy,10,2650.3,4/22/2024 5:00:00 PM,NT-00509-1572,Exit,-,NT-00528-1572,Exit on session close,$0.00,1,Backtest,,
MGC APR26,Sell,10,2657.6,4/22/2024 12:16:00 PM,NT-00508-1572,Entry,10 S,NT-00527-1572,Short,$0.00,1,Backtest,,
MGC APR26,Buy,10,2703.3,4/18/2024 5:00:00 PM,NT-00507-1572,Exit,-,NT-00526-1572,Exit on session close,$0.00,1,Backtest,,
MGC APR26,Sell,10,2706.4,4/18/2024 12:08:00 PM,NT-00506-1572,Entry,10 S,NT-00525-1572,Short,$0.00,1,Backtest,,
MGC APR26,Buy,10,2684.8,4/17/2024 5:00:00 PM,NT-00505-1572,Exit,-,NT-00524-1572,Exit on session close,$0.00,1,Backtest,,
MGC APR26,Sell,10,2706.2,4/17/2024 12:16:00 PM,NT-00504-1572,Entry,10 S,NT-00523-1572,Short,$0.00,1,Backtest,,
MGC APR26,Buy,10,2708.5,4/15/2024 5:00:00 PM,NT-00503-1572,Exit,-,NT-00522-1572,Exit on session close,$0.00,1,Backtest,,
MGC APR26,Sell,10,2677.0,4/15/2024 12:08:00 PM,NT-00502-1572,Entry,10 S,NT-00521-1572,Short,$0.00,1,Backtest,,
MGC APR26,Buy,10,2696.3,4/12/2024 12:40:00 PM,NT-00501-1572,Exit,-,NT-00520-1572,PT,$0.00,1,Backtest,,
MGC APR26,Sell,10,2720.3,4/12/2024 12:08:00 PM,NT-00500-1572,Entry,10 S,NT-00519-1572,Short,$0.00,1,Backtest,,
MGC APR26,Sell,10,2699.5,4/11/2024 5:00:00 PM,NT-00499-1572,Exit,-,NT-00518-1572,Exit on session close,$0.00,1,Backtest,,
MGC APR26,Buy,10,2672.0,4/11/2024 12:08:00 PM,NT-00498-1572,Entry,10 L,NT-00517-1572,Long,$0.00,1,Backtest,,
MGC APR26,Sell,10,2610.0,4/2/2024 5:00:00 PM,NT-00497-1572,Exit,-,NT-00516-1572,Exit on session close,$0.00,1,Backtest,,
MGC APR26,Buy,10,2589.5,4/2/2024 12:08:00 PM,NT-00496-1572,Entry,10 L,NT-00515-1572,Long,$0.00,1,Backtest,,
MGC APR26,Sell,10,2503.7,3/25/2024 5:00:00 PM,NT-00495-1572,Exit,-,NT-00514-1572,Exit on session close,$0.00,1,Backtest,,
MGC APR26,Buy,10,2508.1,3/25/2024 12:16:00 PM,NT-00494-1572,Entry,10 L,NT-00513-1572,Long,$0.00,1,Backtest,,
MGC APR26,Sell,10,2520.1,3/20/2024 5:00:00 PM,NT-00493-1572,Exit,-,NT-00512-1572,Exit on session close,$0.00,1,Backtest,,
MGC APR26,Buy,10,2489.7,3/20/2024 12:08:00 PM,NT-00492-1572,Entry,10 L,NT-00511-1572,Long,$0.00,1,Backtest,,
MGC APR26,Buy,10,2491.6,3/19/2024 5:00:00 PM,NT-00491-1572,Exit,-,NT-00510-1572,Exit on session close,$0.00,1,Backtest,,
MGC APR26,Sell,10,2488.8,3/19/2024 12:24:00 PM,NT-00490-1572,Entry,10 S,NT-00509-1572,Short,$0.00,1,Backtest,,
MGC APR26,Sell,10,2519.7,3/11/2024 5:00:00 PM,NT-00489-1572,Exit,-,NT-00507-1572,Exit on session close,$0.00,1,Backtest,,
MGC APR26,Buy,10,2516.6,3/11/2024 12:56:00 PM,NT-00488-1572,Entry,10 L,NT-00506-1572,Long,$0.00,1,Backtest,,
MGC APR26,Buy,10,2374.3,2/28/2024 5:00:00 PM,NT-00487-1572,Exit,-,NT-00505-1572,Exit on session close,$0.00,1,Backtest,,
MGC APR26,Sell,10,2373.4,2/28/2024 12:32:00 PM,NT-00486-1572,Entry,10 S,NT-00504-1572,Short,$0.00,1,Backtest,,
MGC APR26,Buy,10,2364.9,2/22/2024 5:00:00 PM,NT-00485-1572,Exit,-,NT-00503-1572,Exit on session close,$0.00,1,Backtest,,
MGC APR26,Sell,10,2364.4,2/22/2024 12:40:00 PM,NT-00484-1572,Entry,10 S,NT-00502-1572,Short,$0.00,1,Backtest,,
MGC APR26,Buy,10,2366.5,2/20/2024 5:00:00 PM,NT-00483-1572,Exit,-,NT-00501-1572,Exit on session close,$0.00,1,Backtest,,
MGC APR26,Sell,10,2369.9,2/20/2024 12:56:00 PM,NT-00482-1572,Entry,10 S,NT-00500-1572,Short,$0.00,1,Backtest,,
MGC APR26,Sell,10,2359.7,2/19/2024 1:30:00 PM,NT-00481-1572,Exit,-,NT-00499-1572,Exit on session close,$0.00,1,Backtest,,
MGC APR26,Buy,10,2359.8,2/19/2024 12:56:00 PM,NT-00480-1572,Entry,10 L,NT-00498-1572,Long,$0.00,1,Backtest,,
MGC APR26,Buy,10,2346.5,2/15/2024 5:00:00 PM,NT-00479-1572,Exit,-,NT-00497-1572,Exit on session close,$0.00,1,Backtest,,
MGC APR26,Sell,10,2343.3,2/15/2024 12:16:00 PM,NT-00478-1572,Entry,10 S,NT-00496-1572,Short,$0.00,1,Backtest,,
MGC APR26,Sell,10,2335.8,2/14/2024 5:00:00 PM,NT-00477-1572,Exit,-,NT-00495-1572,Exit on session close,$0.00,1,Backtest,,
MGC APR26,Buy,10,2335.2,2/14/2024 12:16:00 PM,NT-00476-1572,Entry,10 L,NT-00494-1572,Long,$0.00,1,Backtest,,
MGC APR26,Buy,10,2380.0,1/23/2024 5:00:00 PM,NT-00475-1572,Exit,-,NT-00492-1572,Exit on session close,$0.00,1,Backtest,,
MGC APR26,Sell,10,2373.3,1/23/2024 12:48:00 PM,NT-00474-1572,Entry,10 S,NT-00491-1572,Short,$0.00,1,Backtest,,
MGC APR26,Sell,10,2372.4,1/22/2024 5:00:00 PM,NT-00473-1572,Exit,-,NT-00490-1572,Exit on session close,$0.00,1,Backtest,,
MGC APR26,Buy,10,2375.5,1/22/2024 12:24:00 PM,NT-00472-1572,Entry,10 L,NT-00489-1572,Long,$0.00,1,Backtest,,
MGC APR26,Sell,10,2408.1,1/15/2024 1:30:00 PM,NT-00471-1572,Exit,-,NT-00488-1572,Exit on session close,$0.00,1,Backtest,,
MGC APR26,Buy,10,2408.0,1/15/2024 12:16:00 PM,NT-00470-1572,Entry,10 L,NT-00487-1572,Long,$0.00,1,Backtest,,
MGC APR26,Sell,10,2402.1,1/5/2024 5:00:00 PM,NT-00469-1572,Exit,-,NT-00486-1572,Exit on session close,$0.00,1,Backtest,,
MGC APR26,Buy,10,2403.6,1/5/2024 2:00:00 PM,NT-00468-1572,Entry,10 L,NT-00485-1572,Long,$0.00,1,Backtest,,
MGC APR26,Sell,10,2400.1,1/4/2024 5:00:00 PM,NT-00467-1572,Exit,-,NT-00484-1572,Exit on session close,$0.00,1,Backtest,,
MGC APR26,Buy,10,2399.5,1/4/2024 12:40:00 PM,NT-00466-1572,Entry,10 L,NT-00483-1572,Long,$0.00,1,Backtest,,
MGC APR26,Buy,10,2417.1,1/2/2024 5:00:00 PM,NT-00465-1572,Exit,-,NT-00482-1572,Exit on session close,$0.00,1,Backtest,,
MGC APR26,Sell,10,2422.4,1/2/2024 12:40:00 PM,NT-00464-1572,Entry,10 S,NT-00481-1572,Short,$0.00,1,Backtest,,
MGC APR26,Sell,10,2406.9,12/21/2023 5:00:00 PM,NT-00463-1572,Exit,-,NT-00480-1572,Exit on session close,$0.00,1,Backtest,,
MGC APR26,Buy,10,2404.5,12/21/2023 2:40:00 PM,NT-00462-1572,Entry,10 L,NT-00479-1572,Long,$0.00,1,Backtest,,
MGC APR26,Buy,10,2393.7,12/20/2023 5:00:00 PM,NT-00461-1572,Exit,-,NT-00478-1572,Exit on session close,$0.00,1,Backtest,,
MGC APR26,Sell,10,2396.5,12/20/2023 12:16:00 PM,NT-00460-1572,Entry,10 S,NT-00477-1572,Short,$0.00,1,Backtest,,
MGC APR26,Buy,10,2392.5,12/13/2023 5:00:00 PM,NT-00459-1572,Exit,-,NT-00476-1572,Exit on session close,$0.00,1,Backtest,,
MGC APR26,Sell,10,2345.4,12/13/2023 12:08:00 PM,NT-00458-1572,Entry,10 S,NT-00475-1572,Short,$0.00,1,Backtest,,
MGC APR26,Buy,10,2392.6,12/6/2023 5:00:00 PM,NT-00457-1572,Exit,-,NT-00474-1572,Exit on session close,$0.00,1,Backtest,,
MGC APR26,Sell,10,2394.9,12/6/2023 12:16:00 PM,NT-00456-1572,Entry,10 S,NT-00473-1572,Short,$0.00,1,Backtest,,
MGC APR26,Sell,10,2405.4,11/30/2023 5:00:00 PM,NT-00455-1572,Exit,-,NT-00472-1572,Exit on session close,$0.00,1,Backtest,,
MGC APR26,Buy,10,2409.2,11/30/2023 12:08:00 PM,NT-00454-1572,Entry,10 L,NT-00471-1572,Long,$0.00,1,Backtest,,
MGC APR26,Buy,10,2384.4,11/27/2023 5:00:00 PM,NT-00453-1572,Exit,-,NT-00470-1572,Exit on session close,$0.00,1,Backtest,,
MGC APR26,Sell,10,2381.1,11/27/2023 12:08:00 PM,NT-00452-1572,Entry,10 S,NT-00469-1572,Short,$0.00,1,Backtest,,
MGC APR26,Sell,10,2373.7,11/24/2023 1:45:00 PM,NT-00451-1572,Exit,-,NT-00468-1572,Exit on session close,$0.00,1,Backtest,,
MGC APR26,Buy,10,2373.0,11/24/2023 1:36:00 PM,NT-00450-1572,Entry,10 L,NT-00467-1572,Long,$0.00,1,Backtest,,
MGC APR26,Buy,10,2363.4,11/23/2023 2:30:00 PM,NT-00449-1572,Exit,-,NT-00466-1572,Exit on session close,$0.00,1,Backtest,,
MGC APR26,Sell,10,2362.4,11/23/2023 12:32:00 PM,NT-00448-1572,Entry,10 S,NT-00465-1572,Short,$0.00,1,Backtest,,
MGC APR26,Buy,10,2333.2,11/15/2023 5:00:00 PM,NT-00447-1572,Exit,-,NT-00463-1572,Exit on session close,$0.00,1,Backtest,,
MGC APR26,Sell,10,2335.7,11/15/2023 12:08:00 PM,NT-00446-1572,Entry,10 S,NT-00462-1572,Short,$0.00,1,Backtest,,
MGC APR26,Buy,10,2345.5,11/7/2023 5:00:00 PM,NT-00445-1572,Exit,-,NT-00461-1572,Exit on session close,$0.00,1,Backtest,,
MGC APR26,Sell,10,2340.7,11/7/2023 12:08:00 PM,NT-00444-1572,Entry,10 S,NT-00460-1572,Short,$0.00,1,Backtest,,
MGC APR26,Sell,10,2364.9,10/26/2023 5:00:00 PM,NT-00443-1572,Exit,-,NT-00459-1572,Exit on session close,$0.00,1,Backtest,,
MGC APR26,Buy,10,2360.5,10/26/2023 12:08:00 PM,NT-00442-1572,Entry,10 L,NT-00458-1572,Long,$0.00,1,Backtest,,
MGC APR26,Buy,10,2330.3,10/18/2023 5:00:00 PM,NT-00441-1572,Exit,-,NT-00457-1572,Exit on session close,$0.00,1,Backtest,,
MGC APR26,Sell,10,2329.7,10/18/2023 5:00:00 PM,NT-00440-1572,Entry,10 S,NT-00456-1572,Short,$0.00,1,Backtest,,
MGC APR26,Sell,10,2245.1,10/9/2023 5:00:00 PM,NT-00439-1572,Exit,-,NT-00455-1572,Exit on session close,$0.00,1,Backtest,,
MGC APR26,Buy,10,2233.1,10/9/2023 12:24:00 PM,NT-00438-1572,Entry,10 L,NT-00454-1572,Long,$0.00,1,Backtest,,
MGC APR26,Buy,10,2206.8,10/4/2023 5:00:00 PM,NT-00437-1572,Exit,-,NT-00453-1572,Exit on session close,$0.00,1,Backtest,,
MGC APR26,Sell,10,2208.9,10/4/2023 12:08:00 PM,NT-00436-1572,Entry,10 S,NT-00452-1572,Short,$0.00,1,Backtest,,
MGC APR26,Buy,10,2208.8,10/3/2023 5:00:00 PM,NT-00435-1572,Exit,-,NT-00451-1572,Exit on session close,$0.00,1,Backtest,,
MGC APR26,Sell,10,2209.4,10/3/2023 12:56:00 PM,NT-00434-1572,Entry,10 S,NT-00450-1572,Short,$0.00,1,Backtest,,
MGC APR26,Sell,10,2314.8,9/22/2023 5:00:00 PM,NT-00433-1572,Exit,-,NT-00449-1572,Exit on session close,$0.00,1,Backtest,,
MGC APR26,Buy,10,2317.6,9/22/2023 12:08:00 PM,NT-00432-1572,Entry,10 L,NT-00448-1572,Long,$0.00,1,Backtest,,
MGC APR26,Sell,10,2310.0,9/21/2023 5:00:00 PM,NT-00431-1572,Exit,-,NT-00447-1572,Exit on session close,$0.00,1,Backtest,,
MGC APR26,Buy,10,2307.7,9/21/2023 12:08:00 PM,NT-00430-1572,Entry,10 L,NT-00446-1572,Long,$0.00,1,Backtest,,
MGC APR26,Buy,10,2322.4,9/19/2023 5:00:00 PM,NT-00429-1572,Exit,-,NT-00445-1572,Exit on session close,$0.00,1,Backtest,,
MGC APR26,Sell,10,2324.2,9/19/2023 12:08:00 PM,NT-00428-1572,Entry,10 S,NT-00444-1572,Short,$0.00,1,Backtest,,
MGC APR26,Sell,10,2325.3,9/18/2023 5:00:00 PM,NT-00427-1572,Exit,-,NT-00443-1572,Exit on session close,$0.00,1,Backtest,,
MGC APR26,Buy,10,2320.1,9/18/2023 12:16:00 PM,NT-00426-1572,Entry,10 L,NT-00442-1572,Long,$0.00,1,Backtest,,
MGC APR26,Sell,10,2315.2,9/15/2023 5:00:00 PM,NT-00425-1572,Exit,-,NT-00441-1572,Exit on session close,$0.00,1,Backtest,,
MGC APR26,Buy,10,2317.9,9/15/2023 12:48:00 PM,NT-00424-1572,Entry,10 L,NT-00440-1572,Long,$0.00,1,Backtest,,
MGC APR26,Buy,10,2313.8,9/7/2023 5:00:00 PM,NT-00423-1572,Exit,-,NT-00439-1572,Exit on session close,$0.00,1,Backtest,,
MGC APR26,Sell,10,2315.0,9/7/2023 12:08:00 PM,NT-00422-1572,Entry,10 S,NT-00438-1572,Short,$0.00,1,Backtest,,
MGC APR26,Sell,10,2296.3,8/22/2023 5:00:00 PM,NT-00421-1572,Exit,-,NT-00437-1572,Exit on session close,$0.00,1,Backtest,,
MGC APR26,Buy,10,2297.0,8/22/2023 12:08:00 PM,NT-00420-1572,Entry,10 L,NT-00436-1572,Long,$0.00,1,Backtest,,
MGC APR26,Buy,10,2288.5,8/18/2023 5:00:00 PM,NT-00419-1572,Exit,-,NT-00435-1572,Exit on session close,$0.00,1,Backtest,,
MGC APR26,Sell,10,2288.2,8/18/2023 12:56:00 PM,NT-00418-1572,Entry,10 S,NT-00434-1572,Short,$0.00,1,Backtest,,
MGC APR26,Buy,10,2292.2,8/16/2023 5:00:00 PM,NT-00417-1572,Exit,-,NT-00433-1572,Exit on session close,$0.00,1,Backtest,,
MGC APR26,Sell,10,2299.8,8/16/2023 12:56:00 PM,NT-00416-1572,Entry,10 S,NT-00432-1572,Short,$0.00,1,Backtest,,
MGC APR26,Sell,10,2309.0,8/14/2023 5:00:00 PM,NT-00415-1572,Exit,-,NT-00430-1572,Exit on session close,$0.00,1,Backtest,,
MGC APR26,Buy,10,2313.2,8/14/2023 12:08:00 PM,NT-00414-1572,Entry,10 L,NT-00429-1572,Long,$0.00,1,Backtest,,
MGC APR26,Buy,10,2314.7,8/10/2023 5:00:00 PM,NT-00413-1572,Exit,-,NT-00428-1572,Exit on session close,$0.00,1,Backtest,,
MGC APR26,Sell,10,2322.5,8/10/2023 12:16:00 PM,NT-00412-1572,Entry,10 S,NT-00427-1572,Short,$0.00,1,Backtest,,
MGC APR26,Sell,10,2339.2,8/3/2023 5:00:00 PM,NT-00411-1572,Exit,-,NT-00426-1572,Exit on session close,$0.00,1,Backtest,,
MGC APR26,Buy,10,2340.2,8/3/2023 12:24:00 PM,NT-00410-1572,Entry,10 L,NT-00425-1572,Long,$0.00,1,Backtest,,
MGC APR26,Buy,10,2351.5,8/1/2023 5:00:00 PM,NT-00409-1572,Exit,-,NT-00424-1572,Exit on session close,$0.00,1,Backtest,,
MGC APR26,Sell,10,2351.3,8/1/2023 12:08:00 PM,NT-00408-1572,Entry,10 S,NT-00423-1572,Short,$0.00,1,Backtest,,
MGC APR26,Sell,10,2368.3,7/14/2023 5:00:00 PM,NT-00407-1572,Exit,-,NT-00421-1572,Exit on session close,$0.00,1,Backtest,,
MGC APR26,Buy,10,2371.9,7/14/2023 12:16:00 PM,NT-00406-1572,Entry,10 L,NT-00420-1572,Long,$0.00,1,Backtest,,
MGC APR26,Sell,10,2338.5,7/3/2023 5:00:00 PM,NT-00405-1572,Exit,-,NT-00417-1572,Exit on session close,$0.00,1,Backtest,,
MGC APR26,Buy,10,2342.8,7/3/2023 12:24:00 PM,NT-00404-1572,Entry,10 L,NT-00416-1572,Long,$0.00,1,Backtest,,
MGC APR26,Buy,10,2357.2,6/20/2023 5:00:00 PM,NT-00403-1572,Exit,-,NT-00415-1572,Exit on session close,$0.00,1,Backtest,,
MGC APR26,Sell,10,2357.1,6/20/2023 12:24:00 PM,NT-00402-1572,Entry,10 S,NT-00414-1572,Short,$0.00,1,Backtest,,
MGC APR26,Buy,10,2371.2,6/19/2023 2:32:00 PM,NT-00401-1572,Exit,-,NT-00413-1572,Exit on session close,$0.00,1,Backtest,,
MGC APR26,Sell,10,2371.8,6/19/2023 12:16:00 PM,NT-00400-1572,Entry,10 S,NT-00412-1572,Short,$0.00,1,Backtest,,
MGC APR26,Buy,10,2384.8,6/9/2023 5:00:00 PM,NT-00399-1572,Exit,-,NT-00411-1572,Exit on session close,$0.00,1,Backtest,,
MGC APR26,Sell,10,2385.7,6/9/2023 12:08:00 PM,NT-00398-1572,Entry,10 S,NT-00410-1572,Short,$0.00,1,Backtest,,
MGC APR26,Sell,10,2388.7,6/6/2023 5:00:00 PM,NT-00397-1572,Exit,-,NT-00409-1572,Exit on session close,$0.00,1,Backtest,,
MGC APR26,Buy,10,2389.5,6/6/2023 12:08:00 PM,NT-00396-1572,Entry,10 L,NT-00408-1572,Long,$0.00,1,Backtest,,
MGC APR26,Sell,10,2390.0,5/31/2023 5:00:00 PM,NT-00395-1572,Exit,-,NT-00407-1572,Exit on session close,$0.00,1,Backtest,,
MGC APR26,Buy,10,2392.2,5/31/2023 12:48:00 PM,NT-00394-1572,Entry,10 L,NT-00406-1572,Long,$0.00,1,Backtest,,
MGC APR26,Buy,10,2374.0,5/26/2023 5:00:00 PM,NT-00393-1572,Exit,-,NT-00405-1572,Exit on session close,$0.00,1,Backtest,,
MGC APR26,Sell,10,2373.9,5/26/2023 12:32:00 PM,NT-00392-1572,Entry,10 S,NT-00404-1572,Short,$0.00,1,Backtest,,
MGC APR26,Buy,10,2401.9,5/22/2023 5:00:00 PM,NT-00391-1572,Exit,-,NT-00403-1572,Exit on session close,$0.00,1,Backtest,,
MGC APR26,Sell,10,2402.5,5/22/2023 2:40:00 PM,NT-00390-1572,Entry,10 S,NT-00402-1572,Short,$0.00,1,Backtest,,
MGC APR26,Buy,10,2413.6,5/17/2023 5:00:00 PM,NT-00389-1572,Exit,-,NT-00401-1572,Exit on session close,$0.00,1,Backtest,,
MGC APR26,Sell,10,2414.9,5/17/2023 1:12:00 PM,NT-00388-1572,Entry,10 S,NT-00400-1572,Short,$0.00,1,Backtest,,
MGC APR26,Sell,10,2456.4,5/8/2023 5:00:00 PM,NT-00387-1572,Exit,-,NT-00399-1572,Exit on session close,$0.00,1,Backtest,,
MGC APR26,Buy,10,2462.6,5/8/2023 12:40:00 PM,NT-00386-1572,Entry,10 L,NT-00398-1572,Long,$0.00,1,Backtest,,
MGC APR26,Buy,10,2444.5,4/20/2023 5:00:00 PM,NT-00385-1572,Exit,-,NT-00397-1572,Exit on session close,$0.00,1,Backtest,,
MGC APR26,Sell,10,2442.3,4/20/2023 4:00:00 PM,NT-00384-1572,Entry,10 S,NT-00396-1572,Short,$0.00,1,Backtest,,
MGC APR26,Sell,10,2411.4,3/29/2023 5:00:00 PM,NT-00383-1572,Exit,-,NT-00395-1572,Exit on session close,$0.00,1,Backtest,,
MGC APR26,Buy,10,2411.6,3/29/2023 12:48:00 PM,NT-00382-1572,Entry,10 L,NT-00394-1572,Long,$0.00,1,Backtest,,
MGC APR26,Sell,10,2287.5,3/2/2023 5:00:00 PM,NT-00381-1572,Exit,-,NT-00392-1572,Exit on session close,$0.00,1,Backtest,,
MGC APR26,Buy,10,2286.7,3/2/2023 1:36:00 PM,NT-00380-1572,Entry,10 L,NT-00391-1572,Long,$0.00,1,Backtest,,
MGC APR26,Sell,10,2288.7,3/1/2023 5:00:00 PM,NT-00379-1572,Exit,-,NT-00390-1572,Exit on session close,$0.00,1,Backtest,,
MGC APR26,Buy,10,2291.4,3/1/2023 1:44:00 PM,NT-00378-1572,Entry,10 L,NT-00389-1572,Long,$0.00,1,Backtest,,
MGC APR26,Sell,10,2269.4,2/27/2023 5:00:00 PM,NT-00377-1572,Exit,-,NT-00388-1572,Exit on session close,$0.00,1,Backtest,,
MGC APR26,Buy,10,2270.1,2/27/2023 12:24:00 PM,NT-00376-1572,Entry,10 L,NT-00387-1572,Long,$0.00,1,Backtest,,
MGC APR26,Buy,10,2262.7,2/24/2023 5:00:00 PM,NT-00375-1572,Exit,-,NT-00386-1572,Exit on session close,$0.00,1,Backtest,,
MGC APR26,Sell,10,2262.6,2/24/2023 12:48:00 PM,NT-00374-1572,Entry,10 S,NT-00385-1572,Short,$0.00,1,Backtest,,
MGC APR26,Buy,10,2289.4,2/21/2023 5:00:00 PM,NT-00373-1572,Exit,-,NT-00384-1572,Exit on session close,$0.00,1,Backtest,,
MGC APR26,Sell,10,2289.7,2/21/2023 1:20:00 PM,NT-00372-1572,Entry,10 S,NT-00383-1572,Short,$0.00,1,Backtest,,
MGC APR26,Sell,10,2291.9,2/15/2023 5:00:00 PM,NT-00371-1572,Exit,-,NT-00382-1572,Exit on session close,$0.00,1,Backtest,,
MGC APR26,Buy,10,2293.7,2/15/2023 2:32:00 PM,NT-00370-1572,Entry,10 L,NT-00381-1572,Long,$0.00,1,Backtest,,
MGC APR26,Sell,10,2400.3,1/24/2023 5:00:00 PM,NT-00369-1572,Exit,-,NT-00379-1572,Exit on session close,$0.00,1,Backtest,,
MGC APR26,Buy,10,2396.0,1/24/2023 12:24:00 PM,NT-00368-1572,Entry,10 L,NT-00378-1572,Long,$0.00,1,Backtest,,
MGC APR26,Sell,10,2389.6,1/20/2023 5:00:00 PM,NT-00367-1572,Exit,-,NT-00377-1572,Exit on session close,$0.00,1,Backtest,,
MGC APR26,Buy,10,2389.5,1/20/2023 12:24:00 PM,NT-00366-1572,Entry,10 L,NT-00376-1572,Long,$0.00,1,Backtest,,
MGC APR26,Buy,10,2372.9,1/17/2023 5:00:00 PM,NT-00365-1572,Exit,-,NT-00375-1572,Exit on session close,$0.00,1,Backtest,,
MGC APR26,Sell,10,2376.3,1/17/2023 12:08:00 PM,NT-00364-1572,Entry,10 S,NT-00374-1572,Short,$0.00,1,Backtest,,
MGC APR26,Buy,10,2299.7,1/5/2023 5:00:00 PM,NT-00363-1572,Exit,-,NT-00373-1572,Exit on session close,$0.00,1,Backtest,,
MGC APR26,Sell,10,2297.9,1/5/2023 12:16:00 PM,NT-00362-1572,Entry,10 S,NT-00372-1572,Short,$0.00,1,Backtest,,
MGC APR26,Buy,10,2273.8,12/28/2022 5:00:00 PM,NT-00361-1572,Exit,-,NT-00371-1572,Exit on session close,$0.00,1,Backtest,,
MGC APR26,Sell,10,2272.2,12/28/2022 12:24:00 PM,NT-00360-1572,Entry,10 S,NT-00370-1572,Short,$0.00,1,Backtest,,
MGC APR26,Sell,10,2286.0,12/21/2022 5:00:00 PM,NT-00359-1572,Exit,-,NT-00369-1572,Exit on session close,$0.00,1,Backtest,,
MGC APR26,Buy,10,2290.0,12/21/2022 12:40:00 PM,NT-00358-1572,Entry,10 L,NT-00368-1572,Long,$0.00,1,Backtest,,
MGC APR26,Sell,10,2264.4,12/16/2022 5:00:00 PM,NT-00357-1572,Exit,-,NT-00367-1572,Exit on session close,$0.00,1,Backtest,,
MGC APR26,Buy,10,2260.2,12/16/2022 1:12:00 PM,NT-00356-1572,Entry,10 L,NT-00366-1572,Long,$0.00,1,Backtest,,
MGC APR26,Sell,10,2280.4,12/14/2022 5:00:00 PM,NT-00355-1572,Exit,-,NT-00365-1572,Exit on session close,$0.00,1,Backtest,,
MGC APR26,Buy,10,2283.4,12/14/2022 12:16:00 PM,NT-00354-1572,Entry,10 L,NT-00364-1572,Long,$0.00,1,Backtest,,
MGC APR26,Buy,10,2284.4,12/13/2022 5:00:00 PM,NT-00353-1572,Exit,-,NT-00363-1572,Exit on session close,$0.00,1,Backtest,,
MGC APR26,Sell,10,2281.8,12/13/2022 12:08:00 PM,NT-00352-1572,Entry,10 S,NT-00362-1572,Short,$0.00,1,Backtest,,
MGC APR26,Sell,10,2271.2,12/9/2022 5:00:00 PM,NT-00351-1572,Exit,-,NT-00361-1572,Exit on session close,$0.00,1,Backtest,,
MGC APR26,Buy,10,2272.8,12/9/2022 12:56:00 PM,NT-00350-1572,Entry,10 L,NT-00360-1572,Long,$0.00,1,Backtest,,
MGC APR26,Buy,10,2218.1,11/22/2022 5:00:00 PM,NT-00349-1572,Exit,-,NT-00359-1572,Exit on session close,$0.00,1,Backtest,,
MGC APR26,Sell,10,2219.6,11/22/2022 12:08:00 PM,NT-00348-1572,Entry,10 S,NT-00358-1572,Short,$0.00,1,Backtest,,
MGC APR26,Sell,10,2186.8,11/9/2022 5:00:00 PM,NT-00347-1572,Exit,-,NT-00357-1572,Exit on session close,$0.00,1,Backtest,,
MGC APR26,Buy,10,2193.4,11/9/2022 12:08:00 PM,NT-00346-1572,Entry,10 L,NT-00356-1572,Long,$0.00,1,Backtest,,
MGC APR26,Buy,10,2155.8,11/7/2022 5:00:00 PM,NT-00345-1572,Exit,-,NT-00355-1572,Exit on session close,$0.00,1,Backtest,,
MGC APR26,Sell,10,2156.9,11/7/2022 12:40:00 PM,NT-00344-1572,Entry,10 S,NT-00354-1572,Short,$0.00,1,Backtest,,
MGC APR26,Sell,10,2113.5,10/31/2022 5:00:00 PM,NT-00343-1572,Exit,-,NT-00353-1572,Exit on session close,$0.00,1,Backtest,,
MGC APR26,Buy,10,2118.1,10/31/2022 12:40:00 PM,NT-00342-1572,Entry,10 L,NT-00352-1572,Long,$0.00,1,Backtest,,
MGC APR26,Buy,10,2125.0,10/28/2022 5:00:00 PM,NT-00341-1572,Exit,-,NT-00351-1572,Exit on session close,$0.00,1,Backtest,,
MGC APR26,Sell,10,2122.6,10/28/2022 1:04:00 PM,NT-00340-1572,Entry,10 S,NT-00350-1572,Short,$0.00,1,Backtest,,
MGC APR26,Sell,10,2134.2,10/25/2022 5:00:00 PM,NT-00339-1572,Exit,-,NT-00349-1572,Exit on session close,$0.00,1,Backtest,,
MGC APR26,Buy,10,2133.9,10/25/2022 1:04:00 PM,NT-00338-1572,Entry,10 L,NT-00348-1572,Long,$0.00,1,Backtest,,
MGC APR26,Sell,10,2131.3,10/24/2022 5:00:00 PM,NT-00337-1572,Exit,-,NT-00347-1572,Exit on session close,$0.00,1,Backtest,,
MGC APR26,Buy,10,2131.3,10/24/2022 12:48:00 PM,NT-00336-1572,Entry,10 L,NT-00346-1572,Long,$0.00,1,Backtest,,
MGC APR26,Sell,10,2178.9,10/7/2022 5:00:00 PM,NT-00335-1572,Exit,-,NT-00345-1572,Exit on session close,$0.00,1,Backtest,,
MGC APR26,Buy,10,2190.1,10/7/2022 12:16:00 PM,NT-00334-1572,Entry,10 L,NT-00344-1572,Long,$0.00,1,Backtest,,
MGC APR26,Buy,10,2198.5,10/6/2022 5:00:00 PM,NT-00333-1572,Exit,-,NT-00343-1572,Exit on session close,$0.00,1,Backtest,,
MGC APR26,Sell,10,2195.5,10/6/2022 12:32:00 PM,NT-00332-1572,Entry,10 S,NT-00342-1572,Short,$0.00,1,Backtest,,
MGC APR26,Buy,10,2202.3,10/5/2022 5:00:00 PM,NT-00331-1572,Exit,-,NT-00341-1572,Exit on session close,$0.00,1,Backtest,,
MGC APR26,Sell,10,2195.1,10/5/2022 12:16:00 PM,NT-00330-1572,Entry,10 S,NT-00340-1572,Short,$0.00,1,Backtest,,
MGC APR26,Buy,10,2150.3,9/20/2022 5:00:00 PM,NT-00329-1572,Exit,-,NT-00339-1572,Exit on session close,$0.00,1,Backtest,,
MGC APR26,Sell,10,2150.3,9/20/2022 12:08:00 PM,NT-00328-1572,Entry,10 S,NT-00338-1572,Short,$0.00,1,Backtest,,
MGC APR26,Sell,10,2189.5,9/13/2022 5:00:00 PM,NT-00327-1572,Exit,-,NT-00337-1572,Exit on session close,$0.00,1,Backtest,,
MGC APR26,Buy,10,2192.4,9/13/2022 12:56:00 PM,NT-00326-1572,Entry,10 L,NT-00336-1572,Long,$0.00,1,Backtest,,
MGC APR26,Buy,10,2185.6,9/1/2022 5:00:00 PM,NT-00325-1572,Exit,-,NT-00335-1572,Exit on session close,$0.00,1,Backtest,,
MGC APR26,Sell,10,2184.3,9/1/2022 12:40:00 PM,NT-00324-1572,Entry,10 S,NT-00334-1572,Short,$0.00,1,Backtest,,
MGC APR26,Sell,10,2295.8,8/12/2022 5:00:00 PM,NT-00323-1572,Exit,-,NT-00333-1572,Exit on session close,$0.00,1,Backtest,,
MGC APR26,Buy,10,2288.6,8/12/2022 12:08:00 PM,NT-00322-1572,Entry,10 L,NT-00332-1572,Long,$0.00,1,Backtest,,
MGC APR26,Buy,10,2253.7,8/2/2022 5:00:00 PM,NT-00321-1572,Exit,-,NT-00331-1572,Exit on session close,$0.00,1,Backtest,,
MGC APR26,Sell,10,2269.2,8/2/2022 12:16:00 PM,NT-00320-1572,Entry,10 S,NT-00330-1572,Short,$0.00,1,Backtest,,
MGC APR26,Buy,10,2266.2,8/1/2022 5:00:00 PM,NT-00319-1572,Exit,-,NT-00329-1572,Exit on session close,$0.00,1,Backtest,,
MGC APR26,Sell,10,2262.0,8/1/2022 12:16:00 PM,NT-00318-1572,Entry,10 S,NT-00328-1572,Short,$0.00,1,Backtest,,
MGC APR26,Sell,10,2250.0,7/28/2022 5:00:00 PM,NT-00317-1572,Exit,-,NT-00327-1572,Exit on session close,$0.00,1,Backtest,,
MGC APR26,Buy,10,2246.1,7/28/2022 12:24:00 PM,NT-00316-1572,Entry,10 L,NT-00326-1572,Long,$0.00,1,Backtest,,
MGC APR26,Buy,10,2188.9,7/20/2022 5:00:00 PM,NT-00315-1572,Exit,-,NT-00325-1572,Exit on session close,$0.00,1,Backtest,,
MGC APR26,Sell,10,2200.1,7/20/2022 12:08:00 PM,NT-00314-1572,Entry,10 S,NT-00324-1572,Short,$0.00,1,Backtest,,
MGC APR26,Sell,10,2204.1,7/19/2022 5:00:00 PM,NT-00313-1572,Exit,-,NT-00323-1572,Exit on session close,$0.00,1,Backtest,,
MGC APR26,Buy,10,2204.8,7/19/2022 1:04:00 PM,NT-00312-1572,Entry,10 L,NT-00322-1572,Long,$0.00,1,Backtest,,
MGC APR26,Sell,10,2202.8,7/14/2022 5:00:00 PM,NT-00311-1572,Exit,-,NT-00321-1572,Exit on session close,$0.00,1,Backtest,,
MGC APR26,Buy,10,2203.0,7/14/2022 12:16:00 PM,NT-00310-1572,Entry,10 L,NT-00320-1572,Long,$0.00,1,Backtest,,
MGC APR26,Sell,10,2235.0,7/8/2022 5:00:00 PM,NT-00309-1572,Exit,-,NT-00318-1572,Exit on session close,$0.00,1,Backtest,,
MGC APR26,Buy,10,2237.0,7/8/2022 12:24:00 PM,NT-00308-1572,Entry,10 L,NT-00317-1572,Long,$0.00,1,Backtest,,
MGC APR26,Buy,10,2315.7,6/28/2022 5:00:00 PM,NT-00307-1572,Exit,-,NT-00316-1572,Exit on session close,$0.00,1,Backtest,,
MGC APR26,Sell,10,2316.8,6/28/2022 12:56:00 PM,NT-00306-1572,Entry,10 S,NT-00315-1572,Short,$0.00,1,Backtest,,
MGC APR26,Sell,10,2322.7,6/24/2022 5:00:00 PM,NT-00305-1572,Exit,-,NT-00314-1572,Exit on session close,$0.00,1,Backtest,,
MGC APR26,Buy,10,2324.4,6/24/2022 12:48:00 PM,NT-00304-1572,Entry,10 L,NT-00313-1572,Long,$0.00,1,Backtest,,
MGC APR26,Buy,10,2318.8,6/23/2022 5:00:00 PM,NT-00303-1572,Exit,-,NT-00312-1572,Exit on session close,$0.00,1,Backtest,,
MGC APR26,Sell,10,2329.8,6/23/2022 12:16:00 PM,NT-00302-1572,Entry,10 S,NT-00311-1572,Short,$0.00,1,Backtest,,
MGC APR26,Buy,10,2329.6,6/21/2022 5:00:00 PM,NT-00301-1572,Exit,-,NT-00310-1572,Exit on session close,$0.00,1,Backtest,,
MGC APR26,Sell,10,2331.6,6/21/2022 12:16:00 PM,NT-00300-1572,Entry,10 S,NT-00309-1572,Short,$0.00,1,Backtest,,
MGC APR26,Sell,10,2350.0,6/8/2022 5:00:00 PM,NT-00299-1572,Exit,-,NT-00307-1572,Exit on session close,$0.00,1,Backtest,,
MGC APR26,Buy,10,2354.0,6/8/2022 12:16:00 PM,NT-00298-1572,Entry,10 L,NT-00306-1572,Long,$0.00,1,Backtest,,
MGC APR26,Buy,10,2352.0,5/27/2022 5:00:00 PM,NT-00297-1572,Exit,-,NT-00305-1572,Exit on session close,$0.00,1,Backtest,,
MGC APR26,Sell,10,2350.9,5/27/2022 12:56:00 PM,NT-00296-1572,Entry,10 S,NT-00304-1572,Short,$0.00,1,Backtest,,
MGC APR26,Sell,10,2345.5,5/20/2022 5:00:00 PM,NT-00295-1572,Exit,-,NT-00303-1572,Exit on session close,$0.00,1,Backtest,,
MGC APR26,Buy,10,2342.6,5/20/2022 1:36:00 PM,NT-00294-1572,Entry,10 L,NT-00302-1572,Long,$0.00,1,Backtest,,
MGC APR26,Sell,10,2310.4,5/13/2022 5:00:00 PM,NT-00293-1572,Exit,-,NT-00301-1572,Exit on session close,$0.00,1,Backtest,,
MGC APR26,Buy,10,2309.9,5/13/2022 12:16:00 PM,NT-00292-1572,Entry,10 L,NT-00300-1572,Long,$0.00,1,Backtest,,
MGC APR26,Buy,10,2353.6,5/9/2022 5:00:00 PM,NT-00291-1572,Exit,-,NT-00299-1572,Exit on session close,$0.00,1,Backtest,,
MGC APR26,Sell,10,2363.0,5/9/2022 12:24:00 PM,NT-00290-1572,Entry,10 S,NT-00298-1572,Short,$0.00,1,Backtest,,
MGC APR26,Buy,10,2396.9,4/29/2022 5:00:00 PM,NT-00289-1572,Exit,-,NT-00297-1572,Exit on session close,$0.00,1,Backtest,,
MGC APR26,Sell,10,2407.9,4/29/2022 3:04:00 PM,NT-00288-1572,Entry,10 S,NT-00296-1572,Short,$0.00,1,Backtest,,
MGC APR26,Sell,10,2395.2,4/28/2022 5:00:00 PM,NT-00287-1572,Exit,-,NT-00295-1572,Exit on session close,$0.00,1,Backtest,,
MGC APR26,Buy,10,2387.8,4/28/2022 12:40:00 PM,NT-00286-1572,Entry,10 L,NT-00294-1572,Long,$0.00,1,Backtest,,
MGC APR26,Buy,10,2406.5,4/26/2022 5:00:00 PM,NT-00285-1572,Exit,-,NT-00293-1572,Exit on session close,$0.00,1,Backtest,,
MGC APR26,Sell,10,2401.1,4/26/2022 2:00:00 PM,NT-00284-1572,Entry,10 S,NT-00292-1572,Short,$0.00,1,Backtest,,
MGC APR26,Sell,10,2432.3,4/22/2022 5:00:00 PM,NT-00283-1572,Exit,-,NT-00290-1572,Exit on session close,$0.00,1,Backtest,,
MGC APR26,Buy,10,2439.4,4/22/2022 12:16:00 PM,NT-00282-1572,Entry,10 L,NT-00289-1572,Long,$0.00,1,Backtest,,
MGC APR26,Sell,10,2428.6,4/6/2022 5:00:00 PM,NT-00281-1572,Exit,-,NT-00288-1572,Exit on session close,$0.00,1,Backtest,,
MGC APR26,Buy,10,2431.2,4/6/2022 12:08:00 PM,NT-00280-1572,Entry,10 L,NT-00287-1572,Long,$0.00,1,Backtest,,
MGC APR26,Sell,10,2463.3,3/25/2022 5:00:00 PM,NT-00279-1572,Exit,-,NT-00286-1572,Exit on session close,$0.00,1,Backtest,,
MGC APR26,Buy,10,2462.1,3/25/2022 12:16:00 PM,NT-00278-1572,Entry,10 L,NT-00285-1572,Long,$0.00,1,Backtest,,
MGC APR26,Sell,10,2449.6,3/23/2022 5:00:00 PM,NT-00277-1572,Exit,-,NT-00284-1572,Exit on session close,$0.00,1,Backtest,,
MGC APR26,Buy,10,2438.0,3/23/2022 12:40:00 PM,NT-00276-1572,Entry,10 L,NT-00283-1572,Long,$0.00,1,Backtest,,
MGC APR26,Sell,10,2447.7,3/17/2022 5:00:00 PM,NT-00275-1572,Exit,-,NT-00282-1572,Exit on session close,$0.00,1,Backtest,,
MGC APR26,Buy,10,2449.7,3/17/2022 12:24:00 PM,NT-00274-1572,Entry,10 L,NT-00281-1572,Long,$0.00,1,Backtest,,
MGC APR26,Sell,10,2424.0,3/15/2022 5:00:00 PM,NT-00273-1572,Exit,-,NT-00280-1572,Exit on session close,$0.00,1,Backtest,,
MGC APR26,Buy,10,2431.2,3/15/2022 12:16:00 PM,NT-00272-1572,Entry,10 L,NT-00279-1572,Long,$0.00,1,Backtest,,
MGC APR26,Buy,10,2506.7,3/10/2022 5:00:00 PM,NT-00271-1572,Exit,-,NT-00278-1572,Exit on session close,$0.00,1,Backtest,,
MGC APR26,Sell,10,2505.0,3/10/2022 1:20:00 PM,NT-00270-1572,Entry,10 S,NT-00277-1572,Short,$0.00,1,Backtest,,
MGC APR26,Sell,10,2501.4,3/9/2022 5:00:00 PM,NT-00269-1572,Exit,-,NT-00276-1572,Exit on session close,$0.00,1,Backtest,,
MGC APR26,Buy,10,2507.6,3/9/2022 4:24:00 PM,NT-00268-1572,Entry,10 L,NT-00275-1572,Long,$0.00,1,Backtest,,
MGC APR26,Sell,10,2506.7,3/7/2022 5:00:00 PM,NT-00267-1572,Exit,-,NT-00274-1572,Exit on session close,$0.00,1,Backtest,,
MGC APR26,Buy,10,2489.3,3/7/2022 12:56:00 PM,NT-00266-1572,Entry,10 L,NT-00273-1572,Long,$0.00,1,Backtest,,
MGC APR26,Sell,10,2443.0,3/3/2022 5:00:00 PM,NT-00265-1572,Exit,-,NT-00272-1572,Exit on session close,$0.00,1,Backtest,,
MGC APR26,Buy,10,2438.7,3/3/2022 12:40:00 PM,NT-00264-1572,Entry,10 L,NT-00271-1572,Long,$0.00,1,Backtest,,
MGC APR26,Buy,10,2396.1,2/25/2022 5:00:00 PM,NT-00263-1572,Exit,-,NT-00270-1572,Exit on session close,$0.00,1,Backtest,,
MGC APR26,Sell,10,2391.0,2/25/2022 12:16:00 PM,NT-00262-1572,Entry,10 S,NT-00269-1572,Short,$0.00,1,Backtest,,
MGC APR26,Sell,10,2404.7,2/21/2022 1:00:00 PM,NT-00261-1572,Exit,-,NT-00268-1572,Exit on session close,$0.00,1,Backtest,,
MGC APR26,Buy,10,2404.6,2/21/2022 12:56:00 PM,NT-00260-1572,Entry,10 L,NT-00267-1572,Long,$0.00,1,Backtest,,
MGC APR26,Buy,10,2405.0,2/18/2022 5:00:00 PM,NT-00259-1572,Exit,-,NT-00266-1572,Exit on session close,$0.00,1,Backtest,,
MGC APR26,Sell,10,2402.5,2/18/2022 12:08:00 PM,NT-00258-1572,Entry,10 S,NT-00265-1572,Short,$0.00,1,Backtest,,
MGC APR26,Sell,10,2405.4,2/17/2022 5:00:00 PM,NT-00257-1572,Exit,-,NT-00264-1572,Exit on session close,$0.00,1,Backtest,,
MGC APR26,Buy,10,2404.0,2/17/2022 12:08:00 PM,NT-00256-1572,Entry,10 L,NT-00263-1572,Long,$0.00,1,Backtest,,
MGC APR26,Buy,10,2359.5,2/15/2022 5:00:00 PM,NT-00255-1572,Exit,-,NT-00262-1572,Exit on session close,$0.00,1,Backtest,,
MGC APR26,Sell,10,2356.0,2/15/2022 12:40:00 PM,NT-00254-1572,Entry,10 S,NT-00261-1572,Short,$0.00,1,Backtest,,
MGC APR26,Buy,10,2306.0,2/1/2022 5:00:00 PM,NT-00253-1572,Exit,-,NT-00260-1572,Exit on session close,$0.00,1,Backtest,,
MGC APR26,Sell,10,2308.3,2/1/2022 12:40:00 PM,NT-00252-1572,Entry,10 S,NT-00259-1572,Short,$0.00,1,Backtest,,
MGC APR26,Sell,10,2302.8,1/31/2022 5:00:00 PM,NT-00251-1572,Exit,-,NT-00258-1572,Exit on session close,$0.00,1,Backtest,,
MGC APR26,Buy,10,2304.1,1/31/2022 12:16:00 PM,NT-00250-1572,Entry,10 L,NT-00257-1572,Long,$0.00,1,Backtest,,
MGC APR26,Buy,10,2325.9,1/26/2022 5:00:00 PM,NT-00249-1572,Exit,-,NT-00256-1572,Exit on session close,$0.00,1,Backtest,,
MGC APR26,Sell,10,2338.5,1/26/2022 12:16:00 PM,NT-00248-1572,Entry,10 S,NT-00255-1572,Short,$0.00,1,Backtest,,
MGC APR26,Buy,10,2350.3,1/24/2022 5:00:00 PM,NT-00247-1572,Exit,-,NT-00254-1572,Exit on session close,$0.00,1,Backtest,,
MGC APR26,Sell,10,2341.4,1/24/2022 12:16:00 PM,NT-00246-1572,Entry,10 S,NT-00253-1572,Short,$0.00,1,Backtest,,
MGC APR26,Buy,10,2346.9,1/20/2022 5:00:00 PM,NT-00245-1572,Exit,-,NT-00252-1572,Exit on session close,$0.00,1,Backtest,,
MGC APR26,Sell,10,2351.1,1/20/2022 12:24:00 PM,NT-00244-1572,Entry,10 S,NT-00251-1572,Short,$0.00,1,Backtest,,
MGC APR26,Buy,10,2320.6,1/18/2022 5:00:00 PM,NT-00243-1572,Exit,-,NT-00250-1572,Exit on session close,$0.00,1,Backtest,,
MGC APR26,Sell,10,2318.2,1/18/2022 1:04:00 PM,NT-00242-1572,Entry,10 S,NT-00249-1572,Short,$0.00,1,Backtest,,
MGC APR26,Buy,10,2326.0,1/17/2022 1:00:00 PM,NT-00241-1572,Exit,-,NT-00248-1572,Exit on session close,$0.00,1,Backtest,,
MGC APR26,Sell,10,2326.3,1/17/2022 12:16:00 PM,NT-00240-1572,Entry,10 S,NT-00247-1572,Short,$0.00,1,Backtest,,
MGC APR26,Buy,10,2329.1,1/13/2022 5:00:00 PM,NT-00239-1572,Exit,-,NT-00246-1572,Exit on session close,$0.00,1,Backtest,,
MGC APR26,Sell,10,2327.2,1/13/2022 12:40:00 PM,NT-00238-1572,Entry,10 S,NT-00245-1572,Short,$0.00,1,Backtest,,
MGC APR26,Sell,10,2304.0,1/7/2022 5:00:00 PM,NT-00237-1572,Exit,-,NT-00244-1572,Exit on session close,$0.00,1,Backtest,,
MGC APR26,Buy,10,2301.6,1/7/2022 12:08:00 PM,NT-00236-1572,Entry,10 L,NT-00243-1572,Long,$0.00,1,Backtest,,
MGC APR26,Buy,10,2317.4,1/5/2022 5:00:00 PM,NT-00235-1572,Exit,-,NT-00242-1572,Exit on session close,$0.00,1,Backtest,,
MGC APR26,Sell,10,2332.3,1/5/2022 12:24:00 PM,NT-00234-1572,Entry,10 S,NT-00241-1572,Short,$0.00,1,Backtest,,
MGC APR26,Sell,10,2337.6,12/31/2021 5:00:00 PM,NT-00233-1572,Exit,-,NT-00240-1572,Exit on session close,$0.00,1,Backtest,,
MGC APR26,Buy,10,2334.8,12/31/2021 12:48:00 PM,NT-00232-1572,Entry,10 L,NT-00239-1572,Long,$0.00,1,Backtest,,
MGC APR26,Buy,10,2313.8,12/28/2021 5:00:00 PM,NT-00231-1572,Exit,-,NT-00238-1572,Exit on session close,$0.00,1,Backtest,,
MGC APR26,Sell,10,2317.7,12/28/2021 12:56:00 PM,NT-00230-1572,Entry,10 S,NT-00237-1572,Short,$0.00,1,Backtest,,
MGC APR26,Sell,10,2319.8,12/27/2021 5:00:00 PM,NT-00229-1572,Exit,-,NT-00236-1572,Exit on session close,$0.00,1,Backtest,,
MGC APR26,Buy,10,2318.1,12/27/2021 12:16:00 PM,NT-00228-1572,Entry,10 L,NT-00235-1572,Long,$0.00,1,Backtest,,
MGC APR26,Sell,10,2316.7,12/23/2021 5:00:00 PM,NT-00227-1572,Exit,-,NT-00234-1572,Exit on session close,$0.00,1,Backtest,,
MGC APR26,Buy,10,2316.1,12/23/2021 12:16:00 PM,NT-00226-1572,Entry,10 L,NT-00233-1572,Long,$0.00,1,Backtest,,
MGC APR26,Buy,10,2298.8,12/20/2021 5:00:00 PM,NT-00225-1572,Exit,-,NT-00232-1572,Exit on session close,$0.00,1,Backtest,,
MGC APR26,Sell,10,2303.0,12/20/2021 12:08:00 PM,NT-00224-1572,Entry,10 S,NT-00231-1572,Short,$0.00,1,Backtest,,
MGC APR26,Buy,10,2305.6,12/17/2021 5:00:00 PM,NT-00223-1572,Exit,-,NT-00230-1572,Exit on session close,$0.00,1,Backtest,,
MGC APR26,Sell,10,2312.3,12/17/2021 12:16:00 PM,NT-00222-1572,Entry,10 S,NT-00229-1572,Short,$0.00,1,Backtest,,
MGC APR26,Sell,10,2278.2,12/14/2021 5:00:00 PM,NT-00221-1572,Exit,-,NT-00228-1572,Exit on session close,$0.00,1,Backtest,,
MGC APR26,Buy,10,2280.7,12/14/2021 12:32:00 PM,NT-00220-1572,Entry,10 L,NT-00227-1572,Long,$0.00,1,Backtest,,
MGC APR26,Sell,10,2286.7,12/6/2021 5:00:00 PM,NT-00219-1572,Exit,-,NT-00226-1572,Exit on session close,$0.00,1,Backtest,,
MGC APR26,Buy,10,2288.9,12/6/2021 12:56:00 PM,NT-00218-1572,Entry,10 L,NT-00225-1572,Long,$0.00,1,Backtest,,
MGC APR26,Buy,10,2293.3,11/29/2021 5:00:00 PM,NT-00217-1572,Exit,-,NT-00224-1572,Exit on session close,$0.00,1,Backtest,,
MGC APR26,Sell,10,2292.9,11/29/2021 12:24:00 PM,NT-00216-1572,Entry,10 S,NT-00223-1572,Short,$0.00,1,Backtest,,
MGC APR26,Sell,10,2298.3,11/24/2021 5:00:00 PM,NT-00215-1572,Exit,-,NT-00222-1572,Exit on session close,$0.00,1,Backtest,,
MGC APR26,Buy,10,2295.5,11/24/2021 12:40:00 PM,NT-00214-1572,Entry,10 L,NT-00221-1572,Long,$0.00,1,Backtest,,
MGC APR26,Buy,10,2299.2,11/23/2021 5:00:00 PM,NT-00213-1572,Exit,-,NT-00220-1572,Exit on session close,$0.00,1,Backtest,,
MGC APR26,Sell,10,2294.8,11/23/2021 12:32:00 PM,NT-00212-1572,Entry,10 S,NT-00219-1572,Short,$0.00,1,Backtest,,
MGC APR26,Sell,10,2343.4,11/9/2021 5:00:00 PM,NT-00211-1572,Exit,-,NT-00218-1572,Exit on session close,$0.00,1,Backtest,,
MGC APR26,Buy,10,2342.2,11/9/2021 1:04:00 PM,NT-00210-1572,Entry,10 L,NT-00217-1572,Long,$0.00,1,Backtest,,
MGC APR26,Sell,10,2302.7,11/4/2021 5:00:00 PM,NT-00209-1572,Exit,-,NT-00216-1572,Exit on session close,$0.00,1,Backtest,,
MGC APR26,Buy,10,2304.5,11/4/2021 2:00:00 PM,NT-00208-1572,Entry,10 L,NT-00215-1572,Long,$0.00,1,Backtest,,
MGC APR26,Buy,10,2298.6,11/2/2021 5:00:00 PM,NT-00207-1572,Exit,-,NT-00214-1572,Exit on session close,$0.00,1,Backtest,,
MGC APR26,Sell,10,2300.0,11/2/2021 12:24:00 PM,NT-00206-1572,Entry,10 S,NT-00213-1572,Short,$0.00,1,Backtest,,
MGC APR26,Sell,10,2304.2,11/1/2021 5:00:00 PM,NT-00205-1572,Exit,-,NT-00212-1572,Exit on session close,$0.00,1,Backtest,,
MGC APR26,Buy,10,2302.8,11/1/2021 12:32:00 PM,NT-00204-1572,Entry,10 L,NT-00211-1572,Long,$0.00,1,Backtest,,
MGC APR26,Sell,10,2274.3,10/18/2021 5:00:00 PM,NT-00203-1572,Exit,-,NT-00210-1572,Exit on session close,$0.00,1,Backtest,,
MGC APR26,Buy,10,2277.9,10/18/2021 2:00:00 PM,NT-00202-1572,Entry,10 L,NT-00209-1572,Long,$0.00,1,Backtest,,
MGC APR26,Buy,10,2259.6,9/27/2021 5:00:00 PM,NT-00201-1572,Exit,-,NT-00208-1572,Exit on session close,$0.00,1,Backtest,,
MGC APR26,Sell,10,2261.0,9/27/2021 2:24:00 PM,NT-00200-1572,Entry,10 S,NT-00207-1572,Short,$0.00,1,Backtest,,
MGC APR26,Buy,10,2298.0,9/10/2021 5:00:00 PM,NT-00199-1572,Exit,-,NT-00206-1572,Exit on session close,$0.00,1,Backtest,,
MGC APR26,Sell,10,2302.6,9/10/2021 12:24:00 PM,NT-00198-1572,Entry,10 S,NT-00205-1572,Short,$0.00,1,Backtest,,
MGC APR26,Buy,10,2305.8,9/9/2021 5:00:00 PM,NT-00197-1572,Exit,-,NT-00204-1572,Exit on session close,$0.00,1,Backtest,,
MGC APR26,Sell,10,2302.9,9/9/2021 12:16:00 PM,NT-00196-1572,Entry,10 S,NT-00203-1572,Short,$0.00,1,Backtest,,
MGC APR26,Sell,10,2326.1,8/31/2021 5:00:00 PM,NT-00195-1572,Exit,-,NT-00202-1572,Exit on session close,$0.00,1,Backtest,,
MGC APR26,Buy,10,2322.8,8/31/2021 12:40:00 PM,NT-00194-1572,Entry,10 L,NT-00201-1572,Long,$0.00,1,Backtest,,
MGC APR26,Buy,10,2326.6,7/30/2021 5:00:00 PM,NT-00193-1572,Exit,-,NT-00200-1572,Exit on session close,$0.00,1,Backtest,,
MGC APR26,Sell,10,2334.7,7/30/2021 12:16:00 PM,NT-00192-1572,Entry,10 S,NT-00199-1572,Short,$0.00,1,Backtest,,
MGC APR26,Sell,10,2315.7,7/23/2021 5:00:00 PM,NT-00191-1572,Exit,-,NT-00198-1572,Exit on session close,$0.00,1,Backtest,,
MGC APR26,Buy,10,2318.2,7/23/2021 12:32:00 PM,NT-00190-1572,Entry,10 L,NT-00197-1572,Long,$0.00,1,Backtest,,
MGC APR26,Buy,10,2327.0,7/19/2021 5:00:00 PM,NT-00189-1572,Exit,-,NT-00196-1572,Exit on session close,$0.00,1,Backtest,,
MGC APR26,Sell,10,2322.3,7/19/2021 12:08:00 PM,NT-00188-1572,Entry,10 S,NT-00195-1572,Short,$0.00,1,Backtest,,
MGC APR26,Sell,10,2343.9,7/15/2021 5:00:00 PM,NT-00187-1572,Exit,-,NT-00194-1572,Exit on session close,$0.00,1,Backtest,,
MGC APR26,Buy,10,2340.8,7/15/2021 12:32:00 PM,NT-00186-1572,Entry,10 L,NT-00193-1572,Long,$0.00,1,Backtest,,
MGC APR26,Buy,10,2305.4,7/5/2021 1:00:00 PM,NT-00185-1572,Exit,-,NT-00192-1572,Exit on session close,$0.00,1,Backtest,,
MGC APR26,Sell,10,2304.9,7/5/2021 12:16:00 PM,NT-00184-1572,Entry,10 S,NT-00191-1572,Short,$0.00,1,Backtest,,
MGC APR26,Sell,10,2292.6,6/23/2021 5:00:00 PM,NT-00183-1572,Exit,-,NT-00190-1572,Exit on session close,$0.00,1,Backtest,,
MGC APR26,Buy,10,2298.7,6/23/2021 12:48:00 PM,NT-00182-1572,Entry,10 L,NT-00189-1572,Long,$0.00,1,Backtest,,
MGC APR26,Buy,10,2278.4,6/18/2021 5:00:00 PM,NT-00181-1572,Exit,-,NT-00188-1572,Exit on session close,$0.00,1,Backtest,,
MGC APR26,Sell,10,2287.4,6/18/2021 12:24:00 PM,NT-00180-1572,Entry,10 S,NT-00187-1572,Short,$0.00,1,Backtest,,
MGC APR26,Sell,10,2414.9,6/10/2021 5:00:00 PM,NT-00179-1572,Exit,-,NT-00186-1572,Exit on session close,$0.00,1,Backtest,,
MGC APR26,Buy,10,2410.5,6/10/2021 12:08:00 PM,NT-00178-1572,Entry,10 L,NT-00185-1572,Long,$0.00,1,Backtest,,
MGC APR26,Buy,10,2409.0,6/8/2021 5:00:00 PM,NT-00177-1572,Exit,-,NT-00184-1572,Exit on session close,$0.00,1,Backtest,,
MGC APR26,Sell,10,2407.9,6/8/2021 12:16:00 PM,NT-00176-1572,Entry,10 S,NT-00183-1572,Short,$0.00,1,Backtest,,
MGC APR26,Sell,10,2424.5,6/2/2021 5:00:00 PM,NT-00175-1572,Exit,-,NT-00182-1572,Exit on session close,$0.00,1,Backtest,,
MGC APR26,Buy,10,2422.4,6/2/2021 12:08:00 PM,NT-00174-1572,Entry,10 L,NT-00181-1572,Long,$0.00,1,Backtest,,
MGC APR26,Sell,10,2423.0,5/31/2021 1:00:00 PM,NT-00173-1572,Exit,-,NT-00180-1572,Exit on session close,$0.00,1,Backtest,,
MGC APR26,Buy,10,2422.5,5/31/2021 12:56:00 PM,NT-00172-1572,Entry,10 L,NT-00179-1572,Long,$0.00,1,Backtest,,
MGC APR26,Sell,10,2420.1,5/28/2021 5:00:00 PM,NT-00171-1572,Exit,-,NT-00178-1572,Exit on session close,$0.00,1,Backtest,,
MGC APR26,Buy,10,2414.2,5/28/2021 12:24:00 PM,NT-00170-1572,Entry,10 L,NT-00177-1572,Long,$0.00,1,Backtest,,
MGC APR26,Buy,10,2413.0,5/27/2021 5:00:00 PM,NT-00169-1572,Exit,-,NT-00176-1572,Exit on session close,$0.00,1,Backtest,,
MGC APR26,Sell,10,2408.2,5/27/2021 12:24:00 PM,NT-00168-1572,Entry,10 S,NT-00175-1572,Short,$0.00,1,Backtest,,
MGC APR26,Buy,10,2412.5,5/26/2021 5:00:00 PM,NT-00167-1572,Exit,-,NT-00174-1572,Exit on session close,$0.00,1,Backtest,,
MGC APR26,Sell,10,2417.9,5/26/2021 12:40:00 PM,NT-00166-1572,Entry,10 S,NT-00173-1572,Short,$0.00,1,Backtest,,
MGC APR26,Buy,10,2385.8,5/18/2021 5:00:00 PM,NT-00165-1572,Exit,-,NT-00172-1572,Exit on session close,$0.00,1,Backtest,,
MGC APR26,Sell,10,2381.7,5/18/2021 12:16:00 PM,NT-00164-1572,Entry,10 S,NT-00171-1572,Short,$0.00,1,Backtest,,
MGC APR26,Sell,10,2360.7,5/14/2021 5:00:00 PM,NT-00163-1572,Exit,-,NT-00170-1572,Exit on session close,$0.00,1,Backtest,,
MGC APR26,Buy,10,2355.6,5/14/2021 12:08:00 PM,NT-00162-1572,Entry,10 L,NT-00169-1572,Long,$0.00,1,Backtest,,
MGC APR26,Sell,10,2302.5,5/5/2021 5:00:00 PM,NT-00161-1572,Exit,-,NT-00168-1572,Exit on session close,$0.00,1,Backtest,,
MGC APR26,Buy,10,2299.4,5/5/2021 12:56:00 PM,NT-00160-1572,Entry,10 L,NT-00167-1572,Long,$0.00,1,Backtest,,
MGC APR26,Buy,10,2284.0,4/30/2021 5:00:00 PM,NT-00159-1572,Exit,-,NT-00166-1572,Exit on session close,$0.00,1,Backtest,,
MGC APR26,Sell,10,2281.9,4/30/2021 12:32:00 PM,NT-00158-1572,Entry,10 S,NT-00165-1572,Short,$0.00,1,Backtest,,
MGC APR26,Buy,10,2299.9,4/22/2021 5:00:00 PM,NT-00157-1572,Exit,-,NT-00164-1572,Exit on session close,$0.00,1,Backtest,,
MGC APR26,Sell,10,2294.8,4/22/2021 2:16:00 PM,NT-00156-1572,Entry,10 S,NT-00163-1572,Short,$0.00,1,Backtest,,
MGC APR26,Buy,10,2244.6,3/25/2021 5:00:00 PM,NT-00155-1572,Exit,-,NT-00162-1572,Exit on session close,$0.00,1,Backtest,,
MGC APR26,Sell,10,2246.4,3/25/2021 1:04:00 PM,NT-00154-1572,Entry,10 S,NT-00161-1572,Short,$0.00,1,Backtest,,
MGC APR26,Sell,10,2263.5,3/19/2021 5:00:00 PM,NT-00153-1572,Exit,-,NT-00160-1572,Exit on session close,$0.00,1,Backtest,,
MGC APR26,Buy,10,2258.3,3/19/2021 12:16:00 PM,NT-00152-1572,Entry,10 L,NT-00159-1572,Long,$0.00,1,Backtest,,
MGC APR26,Sell,10,2253.7,3/18/2021 5:00:00 PM,NT-00151-1572,Exit,-,NT-00158-1572,Exit on session close,$0.00,1,Backtest,,
MGC APR26,Buy,10,2248.4,3/18/2021 12:08:00 PM,NT-00150-1572,Entry,10 L,NT-00157-1572,Long,$0.00,1,Backtest,,
MGC APR26,Buy,10,2249.8,3/15/2021 5:00:00 PM,NT-00149-1572,Exit,-,NT-00156-1572,Exit on session close,$0.00,1,Backtest,,
MGC APR26,Sell,10,2246.3,3/15/2021 1:12:00 PM,NT-00148-1572,Entry,10 S,NT-00155-1572,Short,$0.00,1,Backtest,,
MGC APR26,Sell,10,2214.2,3/4/2021 5:00:00 PM,NT-00147-1572,Exit,-,NT-00154-1572,Exit on session close,$0.00,1,Backtest,,
MGC APR26,Buy,10,2234.7,3/4/2021 12:24:00 PM,NT-00146-1572,Entry,10 L,NT-00153-1572,Long,$0.00,1,Backtest,,
MGC APR26,Buy,10,2288.2,2/25/2021 5:00:00 PM,NT-00145-1572,Exit,-,NT-00152-1572,Exit on session close,$0.00,1,Backtest,,
MGC APR26,Sell,10,2295.7,2/25/2021 12:08:00 PM,NT-00144-1572,Entry,10 S,NT-00151-1572,Short,$0.00,1,Backtest,,
MGC APR26,Sell,10,2313.6,2/16/2021 5:00:00 PM,NT-00143-1572,Exit,-,NT-00150-1572,Exit on session close,$0.00,1,Backtest,,
MGC APR26,Buy,10,2317.6,2/16/2021 1:12:00 PM,NT-00142-1572,Entry,10 L,NT-00149-1572,Long,$0.00,1,Backtest,,
MGC APR26,Sell,10,2351.4,2/8/2021 5:00:00 PM,NT-00141-1572,Exit,-,NT-00147-1572,Exit on session close,$0.00,1,Backtest,,
MGC APR26,Buy,10,2355.9,2/8/2021 12:40:00 PM,NT-00140-1572,Entry,10 L,NT-00146-1572,Long,$0.00,1,Backtest,,
MGC APR26,Buy,10,2313.5,2/4/2021 5:00:00 PM,NT-00139-1572,Exit,-,NT-00145-1572,Exit on session close,$0.00,1,Backtest,,
MGC APR26,Sell,10,2312.0,2/4/2021 12:08:00 PM,NT-00138-1572,Entry,10 S,NT-00144-1572,Short,$0.00,1,Backtest,,
MGC APR26,Buy,10,2368.0,1/13/2021 5:00:00 PM,NT-00137-1572,Exit,-,NT-00141-1572,Exit on session close,$0.00,1,Backtest,,
MGC APR26,Sell,10,2377.6,1/13/2021 12:56:00 PM,NT-00136-1572,Entry,10 S,NT-00140-1572,Short,$0.00,1,Backtest,,
MGC APR26,Sell,10,2422.2,12/30/2020 5:00:00 PM,NT-00135-1572,Exit,-,NT-00139-1572,Exit on session close,$0.00,1,Backtest,,
MGC APR26,Buy,10,2413.0,12/30/2020 12:24:00 PM,NT-00134-1572,Entry,10 L,NT-00138-1572,Long,$0.00,1,Backtest,,
MGC APR26,Sell,10,2405.5,12/29/2020 5:00:00 PM,NT-00133-1572,Exit,-,NT-00137-1572,Exit on session close,$0.00,1,Backtest,,
MGC APR26,Buy,10,2409.1,12/29/2020 12:08:00 PM,NT-00132-1572,Entry,10 L,NT-00136-1572,Long,$0.00,1,Backtest,,
MGC APR26,Buy,10,2414.5,12/17/2020 5:00:00 PM,NT-00131-1572,Exit,-,NT-00135-1572,Exit on session close,$0.00,1,Backtest,,
MGC APR26,Sell,10,2414.5,12/17/2020 12:40:00 PM,NT-00130-1572,Entry,10 S,NT-00134-1572,Short,$0.00,1,Backtest,,
MGC APR26,Sell,10,2366.7,12/11/2020 5:00:00 PM,NT-00129-1572,Exit,-,NT-00133-1572,Exit on session close,$0.00,1,Backtest,,
MGC APR26,Buy,10,2369.8,12/11/2020 12:08:00 PM,NT-00128-1572,Entry,10 L,NT-00132-1572,Long,$0.00,1,Backtest,,
MGC APR26,Sell,10,2398.5,12/8/2020 5:00:00 PM,NT-00127-1572,Exit,-,NT-00131-1572,Exit on session close,$0.00,1,Backtest,,
MGC APR26,Buy,10,2398.2,12/8/2020 12:24:00 PM,NT-00126-1572,Entry,10 L,NT-00130-1572,Long,$0.00,1,Backtest,,
MGC APR26,Buy,10,2342.5,12/1/2020 5:00:00 PM,NT-00125-1572,Exit,-,NT-00129-1572,Exit on session close,$0.00,1,Backtest,,
MGC APR26,Sell,10,2337.0,12/1/2020 12:08:00 PM,NT-00124-1572,Entry,10 S,NT-00128-1572,Short,$0.00,1,Backtest,,
MGC APR26,Buy,10,2335.3,11/25/2020 5:00:00 PM,NT-00123-1572,Exit,-,NT-00127-1572,Exit on session close,$0.00,1,Backtest,,
MGC APR26,Sell,10,2337.9,11/25/2020 12:16:00 PM,NT-00122-1572,Entry,10 S,NT-00126-1572,Short,$0.00,1,Backtest,,
MGC APR26,Buy,10,2408.1,11/17/2020 5:00:00 PM,NT-00121-1572,Exit,-,NT-00125-1572,Exit on session close,$0.00,1,Backtest,,
MGC APR26,Sell,10,2413.6,11/17/2020 12:08:00 PM,NT-00120-1572,Entry,10 S,NT-00124-1572,Short,$0.00,1,Backtest,,
MGC APR26,Sell,10,2416.9,11/16/2020 5:00:00 PM,NT-00119-1572,Exit,-,NT-00123-1572,Exit on session close,$0.00,1,Backtest,,
MGC APR26,Buy,10,2417.1,11/16/2020 1:04:00 PM,NT-00118-1572,Entry,10 L,NT-00122-1572,Long,$0.00,1,Backtest,,
MGC APR26,Buy,10,2480.7,11/6/2020 5:00:00 PM,NT-00117-1572,Exit,-,NT-00121-1572,Exit on session close,$0.00,1,Backtest,,
MGC APR26,Sell,10,2481.2,11/6/2020 12:24:00 PM,NT-00116-1572,Entry,10 S,NT-00120-1572,Short,$0.00,1,Backtest,,
MGC APR26,Sell,10,2439.8,11/3/2020 5:00:00 PM,NT-00115-1572,Exit,-,NT-00119-1572,Exit on session close,$0.00,1,Backtest,,
MGC APR26,Buy,10,2438.4,11/3/2020 12:24:00 PM,NT-00114-1572,Entry,10 L,NT-00118-1572,Long,$0.00,1,Backtest,,
MGC APR26,Buy,10,2432.0,10/19/2020 5:00:00 PM,NT-00113-1572,Exit,-,NT-00117-1572,Exit on session close,$0.00,1,Backtest,,
MGC APR26,Sell,10,2434.1,10/19/2020 12:16:00 PM,NT-00112-1572,Entry,10 S,NT-00116-1572,Short,$0.00,1,Backtest,,
MGC APR26,Sell,10,2465.2,10/9/2020 5:00:00 PM,NT-00111-1572,Exit,-,NT-00115-1572,Exit on session close,$0.00,1,Backtest,,
MGC APR26,Buy,10,2458.5,10/9/2020 12:24:00 PM,NT-00110-1572,Entry,10 L,NT-00114-1572,Long,$0.00,1,Backtest,,
MGC APR26,Buy,10,2419.6,10/7/2020 5:00:00 PM,NT-00109-1572,Exit,-,NT-00113-1572,Exit on session close,$0.00,1,Backtest,,
MGC APR26,Sell,10,2415.6,10/7/2020 12:16:00 PM,NT-00108-1572,Entry,10 S,NT-00112-1572,Short,$0.00,1,Backtest,,
MGC APR26,Buy,10,2433.7,10/2/2020 5:00:00 PM,NT-00107-1572,Exit,-,NT-00111-1572,Exit on session close,$0.00,1,Backtest,,
MGC APR26,Sell,10,2436.0,10/2/2020 12:40:00 PM,NT-00106-1572,Entry,10 S,NT-00110-1572,Short,$0.00,1,Backtest,,
MGC APR26,Sell,10,2415.3,9/28/2020 5:00:00 PM,NT-00105-1572,Exit,-,NT-00109-1572,Exit on session close,$0.00,1,Backtest,,
MGC APR26,Buy,10,2407.4,9/28/2020 12:16:00 PM,NT-00104-1572,Entry,10 L,NT-00108-1572,Long,$0.00,1,Backtest,,
MGC APR26,Sell,10,2487.4,9/18/2020 5:00:00 PM,NT-00103-1572,Exit,-,NT-00107-1572,Exit on session close,$0.00,1,Backtest,,
MGC APR26,Buy,10,2489.7,9/18/2020 12:08:00 PM,NT-00102-1572,Entry,10 L,NT-00106-1572,Long,$0.00,1,Backtest,,
MGC APR26,Sell,10,2480.7,9/17/2020 5:00:00 PM,NT-00101-1572,Exit,-,NT-00105-1572,Exit on session close,$0.00,1,Backtest,,
MGC APR26,Buy,10,2480.5,9/17/2020 12:08:00 PM,NT-00100-1572,Entry,10 L,NT-00104-1572,Long,$0.00,1,Backtest,,
MGC APR26,Buy,10,2496.2,9/16/2020 5:00:00 PM,NT-00099-1572,Exit,-,NT-00103-1572,Exit on session close,$0.00,1,Backtest,,
MGC APR26,Sell,10,2504.1,9/16/2020 12:08:00 PM,NT-00098-1572,Entry,10 S,NT-00102-1572,Short,$0.00,1,Backtest,,
MGC APR26,Sell,10,2494.2,9/14/2020 5:00:00 PM,NT-00097-1572,Exit,-,NT-00101-1572,Exit on session close,$0.00,1,Backtest,,
MGC APR26,Buy,10,2496.7,9/14/2020 12:16:00 PM,NT-00096-1572,Entry,10 L,NT-00100-1572,Long,$0.00,1,Backtest,,
MGC APR26,Buy,10,2477.2,9/11/2020 4:56:00 PM,NT-00095-1572,Exit,-,NT-00099-1572,Exit on session close,$0.00,1,Backtest,,
MGC APR26,Sell,10,2480.5,9/11/2020 12:56:00 PM,NT-00094-1572,Entry,10 S,NT-00098-1572,Short,$0.00,1,Backtest,,
MGC APR26,Sell,10,2483.8,9/9/2020 5:00:00 PM,NT-00093-1572,Exit,-,NT-00097-1572,Exit on session close,$0.00,1,Backtest,,
MGC APR26,Buy,10,2481.9,9/9/2020 12:24:00 PM,NT-00092-1572,Entry,10 L,NT-00096-1572,Long,$0.00,1,Backtest,,
MGC APR26,Sell,10,2470.6,9/4/2020 5:00:00 PM,NT-00091-1572,Exit,-,NT-00095-1572,Exit on session close,$0.00,1,Backtest,,
MGC APR26,Buy,10,2464.6,9/4/2020 1:44:00 PM,NT-00090-1572,Entry,10 L,NT-00094-1572,Long,$0.00,1,Backtest,,
MGC APR26,Sell,10,2476.6,8/21/2020 5:00:00 PM,NT-00089-1572,Exit,-,NT-00093-1572,Exit on session close,$0.00,1,Backtest,,
MGC APR26,Buy,10,2476.5,8/21/2020 1:20:00 PM,NT-00088-1572,Entry,10 L,NT-00092-1572,Long,$0.00,1,Backtest,,
MGC APR26,Buy,10,2539.3,8/18/2020 5:00:00 PM,NT-00087-1572,Exit,-,NT-00091-1572,Exit on session close,$0.00,1,Backtest,,
MGC APR26,Sell,10,2543.9,8/18/2020 1:04:00 PM,NT-00086-1572,Entry,10 S,NT-00090-1572,Short,$0.00,1,Backtest,,
MGC APR26,Sell,10,2455.5,8/12/2020 5:00:00 PM,NT-00085-1572,Exit,-,NT-00089-1572,Exit on session close,$0.00,1,Backtest,,
MGC APR26,Buy,10,2484.3,8/12/2020 12:08:00 PM,NT-00084-1572,Entry,10 L,NT-00088-1572,Long,$0.00,1,Backtest,,
MGC APR26,Buy,10,2450.6,8/11/2020 5:00:00 PM,NT-00083-1572,Exit,-,NT-00087-1572,Exit on session close,$0.00,1,Backtest,,
MGC APR26,Sell,10,2476.3,8/11/2020 1:12:00 PM,NT-00082-1572,Entry,10 S,NT-00086-1572,Short,$0.00,1,Backtest,,
MGC APR26,Buy,10,2566.3,8/10/2020 5:00:00 PM,NT-00081-1572,Exit,-,NT-00085-1572,Exit on session close,$0.00,1,Backtest,,
MGC APR26,Sell,10,2569.6,8/10/2020 12:24:00 PM,NT-00080-1572,Entry,10 S,NT-00084-1572,Short,$0.00,1,Backtest,,
MGC APR26,Sell,10,2604.4,8/6/2020 5:00:00 PM,NT-00079-1572,Exit,-,NT-00083-1572,Exit on session close,$0.00,1,Backtest,,
MGC APR26,Buy,10,2603.9,8/6/2020 3:20:00 PM,NT-00078-1572,Entry,10 L,NT-00082-1572,Long,$0.00,1,Backtest,,
MGC APR26,Sell,10,2581.9,8/5/2020 5:00:00 PM,NT-00077-1572,Exit,-,NT-00081-1572,Exit on session close,$0.00,1,Backtest,,
MGC APR26,Buy,10,2586.1,8/5/2020 3:44:00 PM,NT-00076-1572,Entry,10 L,NT-00080-1572,Long,$0.00,1,Backtest,,
MGC APR26,Sell,10,2522.2,8/3/2020 5:00:00 PM,NT-00075-1572,Exit,-,NT-00079-1572,Exit on session close,$0.00,1,Backtest,,
MGC APR26,Buy,10,2515.2,8/3/2020 12:32:00 PM,NT-00074-1572,Entry,10 L,NT-00078-1572,Long,$0.00,1,Backtest,,
MGC APR26,Buy,10,2501.9,7/30/2020 5:00:00 PM,NT-00073-1572,Exit,-,NT-00077-1572,Exit on session close,$0.00,1,Backtest,,
MGC APR26,Sell,10,2492.0,7/30/2020 12:08:00 PM,NT-00072-1572,Entry,10 S,NT-00076-1572,Short,$0.00,1,Backtest,,
MGC APR26,Sell,10,2486.8,7/27/2020 5:00:00 PM,NT-00071-1572,Exit,-,NT-00075-1572,Exit on session close,$0.00,1,Backtest,,
MGC APR26,Buy,10,2481.9,7/27/2020 12:32:00 PM,NT-00070-1572,Entry,10 L,NT-00074-1572,Long,$0.00,1,Backtest,,
MGC APR26,Buy,10,2354.0,7/13/2020 5:00:00 PM,NT-00069-1572,Exit,-,NT-00072-1572,Exit on session close,$0.00,1,Backtest,,
MGC APR26,Sell,10,2359.7,7/13/2020 2:16:00 PM,NT-00068-1572,Entry,10 S,NT-00071-1572,Short,$0.00,1,Backtest,,
MGC APR26,Sell,10,2367.6,7/8/2020 5:00:00 PM,NT-00067-1572,Exit,-,NT-00070-1572,Exit on session close,$0.00,1,Backtest,,
MGC APR26,Buy,10,2372.9,7/8/2020 12:16:00 PM,NT-00066-1572,Entry,10 L,NT-00069-1572,Long,$0.00,1,Backtest,,
MGC APR26,Buy,10,2343.3,7/6/2020 5:00:00 PM,NT-00065-1572,Exit,-,NT-00068-1572,Exit on session close,$0.00,1,Backtest,,
MGC APR26,Sell,10,2342.8,7/6/2020 12:24:00 PM,NT-00064-1572,Entry,10 S,NT-00067-1572,Short,$0.00,1,Backtest,,
MGC APR26,Buy,10,2337.7,7/3/2020 1:00:00 PM,NT-00063-1572,Exit,-,NT-00066-1572,Exit on session close,$0.00,1,Backtest,,
MGC APR26,Sell,10,2335.6,7/3/2020 12:16:00 PM,NT-00062-1572,Entry,10 S,NT-00065-1572,Short,$0.00,1,Backtest,,
MGC APR26,Sell,10,2333.5,6/29/2020 5:00:00 PM,NT-00061-1572,Exit,-,NT-00064-1572,Exit on session close,$0.00,1,Backtest,,
MGC APR26,Buy,10,2332.6,6/29/2020 12:24:00 PM,NT-00060-1572,Entry,10 L,NT-00063-1572,Long,$0.00,1,Backtest,,
MGC APR26,Buy,10,2323.2,6/25/2020 5:00:00 PM,NT-00059-1572,Exit,-,NT-00062-1572,Exit on session close,$0.00,1,Backtest,,
MGC APR26,Sell,10,2321.6,6/25/2020 12:16:00 PM,NT-00058-1572,Entry,10 S,NT-00061-1572,Short,$0.00,1,Backtest,,
MGC APR26,Buy,10,2321.4,6/24/2020 5:00:00 PM,NT-00057-1572,Exit,-,NT-00060-1572,Exit on session close,$0.00,1,Backtest,,
MGC APR26,Sell,10,2322.1,6/24/2020 4:56:00 PM,NT-00056-1572,Entry,10 S,NT-00059-1572,Short,$0.00,1,Backtest,,
MGC APR26,Sell,10,2333.3,6/23/2020 5:00:00 PM,NT-00055-1572,Exit,-,NT-00058-1572,Exit on session close,$0.00,1,Backtest,,
MGC APR26,Buy,10,2332.5,6/23/2020 12:48:00 PM,NT-00054-1572,Entry,10 L,NT-00057-1572,Long,$0.00,1,Backtest,,
MGC APR26,Buy,10,2313.8,6/22/2020 5:00:00 PM,NT-00053-1572,Exit,-,NT-00056-1572,Exit on session close,$0.00,1,Backtest,,
MGC APR26,Sell,10,2316.8,6/22/2020 1:04:00 PM,NT-00052-1572,Entry,10 S,NT-00055-1572,Short,$0.00,1,Backtest,,
MGC APR26,Sell,10,2284.7,6/16/2020 5:00:00 PM,NT-00051-1572,Exit,-,NT-00054-1572,Exit on session close,$0.00,1,Backtest,,
MGC APR26,Buy,10,2285.2,6/16/2020 12:24:00 PM,NT-00050-1572,Entry,10 L,NT-00053-1572,Long,$0.00,1,Backtest,,
MGC APR26,Sell,10,2283.0,6/11/2020 5:00:00 PM,NT-00049-1572,Exit,-,NT-00052-1572,Exit on session close,$0.00,1,Backtest,,
MGC APR26,Buy,10,2295.9,6/11/2020 12:16:00 PM,NT-00048-1572,Entry,10 L,NT-00051-1572,Long,$0.00,1,Backtest,,
MGC APR26,Buy,10,2269.0,6/9/2020 5:00:00 PM,NT-00047-1572,Exit,-,NT-00050-1572,Exit on session close,$0.00,1,Backtest,,
MGC APR26,Sell,10,2270.8,6/9/2020 1:04:00 PM,NT-00046-1572,Entry,10 S,NT-00049-1572,Short,$0.00,1,Backtest,,
MGC APR26,Sell,10,2254.4,6/8/2020 5:00:00 PM,NT-00045-1572,Exit,-,NT-00048-1572,Exit on session close,$0.00,1,Backtest,,
MGC APR26,Buy,10,2245.6,6/8/2020 12:08:00 PM,NT-00044-1572,Entry,10 L,NT-00047-1572,Long,$0.00,1,Backtest,,
MGC APR26,Sell,10,2270.0,6/4/2020 5:00:00 PM,NT-00043-1572,Exit,-,NT-00046-1572,Exit on session close,$0.00,1,Backtest,,
MGC APR26,Buy,10,2273.9,6/4/2020 1:28:00 PM,NT-00042-1572,Entry,10 L,NT-00045-1572,Long,$0.00,1,Backtest,,
MGC APR26,Sell,10,2325.9,5/15/2020 5:00:00 PM,NT-00041-1572,Exit,-,NT-00043-1572,Exit on session close,$0.00,1,Backtest,,
MGC APR26,Buy,10,2328.2,5/15/2020 12:16:00 PM,NT-00040-1572,Entry,10 L,NT-00042-1572,Long,$0.00,1,Backtest,,
MGC APR26,Sell,10,2282.8,5/4/2020 5:00:00 PM,NT-00039-1572,Exit,-,NT-00040-1572,Exit on session close,$0.00,1,Backtest,,
MGC APR26,Buy,10,2286.8,5/4/2020 1:36:00 PM,NT-00038-1572,Entry,10 L,NT-00039-1572,Long,$0.00,1,Backtest,,
MGC APR26,Sell,10,2309.0,4/22/2020 5:00:00 PM,NT-00037-1572,Exit,-,NT-00038-1572,Exit on session close,$0.00,1,Backtest,,
MGC APR26,Buy,10,2305.7,4/22/2020 12:32:00 PM,NT-00036-1572,Entry,10 L,NT-00037-1572,Long,$0.00,1,Backtest,,
MGC APR26,Buy,10,2327.6,4/14/2020 5:00:00 PM,NT-00035-1572,Exit,-,NT-00036-1572,Exit on session close,$0.00,1,Backtest,,
MGC APR26,Sell,10,2337.5,4/14/2020 12:56:00 PM,NT-00034-1572,Entry,10 S,NT-00035-1572,Short,$0.00,1,Backtest,,
MGC APR26,Buy,10,2251.7,4/7/2020 5:00:00 PM,NT-00033-1572,Exit,-,NT-00034-1572,Exit on session close,$0.00,1,Backtest,,
MGC APR26,Sell,10,2262.0,4/7/2020 12:40:00 PM,NT-00032-1572,Entry,10 S,NT-00033-1572,Short,$0.00,1,Backtest,,
MGC APR26,Sell,10,2175.1,4/1/2020 5:00:00 PM,NT-00031-1572,Exit,-,NT-00032-1572,Exit on session close,$0.00,1,Backtest,,
MGC APR26,Buy,10,2171.6,4/1/2020 2:48:00 PM,NT-00030-1572,Entry,10 L,NT-00031-1572,Long,$0.00,1,Backtest,,
MGC APR26,Buy,10,2215.0,3/30/2020 5:00:00 PM,NT-00029-1572,Exit,-,NT-00030-1572,Exit on session close,$0.00,1,Backtest,,
MGC APR26,Sell,10,2213.2,3/30/2020 12:16:00 PM,NT-00028-1572,Entry,10 S,NT-00029-1572,Short,$0.00,1,Backtest,,
MGC APR26,Buy,10,2218.7,3/25/2020 5:00:00 PM,NT-00027-1572,Exit,-,NT-00028-1572,Exit on session close,$0.00,1,Backtest,,
MGC APR26,Sell,10,2206.0,3/25/2020 12:08:00 PM,NT-00026-1572,Entry,10 S,NT-00027-1572,Short,$0.00,1,Backtest,,
MGC APR26,Sell,10,2048.7,3/19/2020 5:00:00 PM,NT-00025-1572,Exit,-,NT-00026-1572,Exit on session close,$0.00,1,Backtest,,
MGC APR26,Buy,10,2057.9,3/19/2020 1:12:00 PM,NT-00024-1572,Entry,10 L,NT-00025-1572,Long,$0.00,1,Backtest,,
MGC APR26,Buy,10,2063.0,3/18/2020 5:00:00 PM,NT-00023-1572,Exit,-,NT-00024-1572,Exit on session close,$0.00,1,Backtest,,
MGC APR26,Sell,10,2069.4,3/18/2020 12:16:00 PM,NT-00022-1572,Entry,10 S,NT-00023-1572,Short,$0.00,1,Backtest,,
MGC APR26,Sell,10,2213.3,3/4/2020 5:00:00 PM,NT-00021-1572,Exit,-,NT-00022-1572,Exit on session close,$0.00,1,Backtest,,
MGC APR26,Buy,10,2219.0,3/4/2020 12:24:00 PM,NT-00020-1572,Entry,10 L,NT-00021-1572,Long,$0.00,1,Backtest,,
MGC APR26,Sell,10,2166.0,3/2/2020 5:00:00 PM,NT-00019-1572,Exit,-,NT-00020-1572,Exit on session close,$0.00,1,Backtest,,
MGC APR26,Buy,10,2173.2,3/2/2020 12:08:00 PM,NT-00018-1572,Entry,10 L,NT-00019-1572,Long,$0.00,1,Backtest,,
MGC APR26,Buy,10,2212.5,2/25/2020 5:00:00 PM,NT-00017-1572,Exit,-,NT-00018-1572,Exit on session close,$0.00,1,Backtest,,
MGC APR26,Sell,10,2224.6,2/25/2020 1:36:00 PM,NT-00016-1572,Entry,10 S,NT-00017-1572,Short,$0.00,1,Backtest,,
MGC APR26,Buy,10,2159.4,2/17/2020 1:00:00 PM,NT-00015-1572,Exit,-,NT-00016-1572,Exit on session close,$0.00,1,Backtest,,
MGC APR26,Sell,10,2159.8,2/17/2020 12:16:00 PM,NT-00014-1572,Entry,10 S,NT-00015-1572,Short,$0.00,1,Backtest,,
MGC APR26,Sell,10,2154.4,2/13/2020 5:00:00 PM,NT-00013-1572,Exit,-,NT-00014-1572,Exit on session close,$0.00,1,Backtest,,
MGC APR26,Buy,10,2154.3,2/13/2020 12:24:00 PM,NT-00012-1572,Entry,10 L,NT-00013-1572,Long,$0.00,1,Backtest,,
MGC APR26,Sell,10,2151.1,2/10/2020 5:00:00 PM,NT-00011-1572,Exit,-,NT-00012-1572,Exit on session close,$0.00,1,Backtest,,
MGC APR26,Buy,10,2155.0,2/10/2020 12:56:00 PM,NT-00010-1572,Entry,10 L,NT-00011-1572,Long,$0.00,1,Backtest,,
MGC APR26,Buy,10,2149.4,2/7/2020 5:00:00 PM,NT-00009-1572,Exit,-,NT-00010-1572,Exit on session close,$0.00,1,Backtest,,
MGC APR26,Sell,10,2145.8,2/7/2020 12:16:00 PM,NT-00008-1572,Entry,10 S,NT-00009-1572,Short,$0.00,1,Backtest,,
MGC APR26,Sell,10,2145.6,2/6/2020 5:00:00 PM,NT-00007-1572,Exit,-,NT-00008-1572,Exit on session close,$0.00,1,Backtest,,
MGC APR26,Buy,10,2145.0,2/6/2020 12:48:00 PM,NT-00006-1572,Entry,10 L,NT-00007-1572,Long,$0.00,1,Backtest,,
MGC APR26,Buy,10,2163.2,1/27/2020 5:00:00 PM,NT-00005-1572,Exit,-,NT-00005-1572,Exit on session close,$0.00,1,Backtest,,
MGC APR26,Sell,10,2161.7,1/27/2020 12:24:00 PM,NT-00004-1572,Entry,10 S,NT-00004-1572,Short,$0.00,1,Backtest,,
MGC APR26,Sell,10,2142.8,1/20/2020 1:00:00 PM,NT-00003-1572,Exit,-,NT-00003-1572,Exit on session close,$0.00,1,Backtest,,
MGC APR26,Buy,10,2142.8,1/20/2020 12:32:00 PM,NT-00002-1572,Entry,10 L,NT-00002-1572,Long,$0.00,1,Backtest,,
MGC APR26,Buy,10,2129.0,1/14/2020 5:00:00 PM,NT-00001-1572,Exit,-,NT-00001-1572,Exit on session close,$0.00,1,Backtest,,
MGC APR26,Sell,10,2124.8,1/14/2020 12:08:00 PM,NT-00000-1572,Entry,10 S,NT-00000-1572,Short,$0.00,1,Backtest,,
